
  .   ____          _            __ _ _
 /\\ / ___'_ __ _ _(_)_ __  __ _ \ \ \ \
( ( )\___ | '_ | '_| | '_ \/ _` | \ \ \ \
 \\/  ___)| |_)| | | | | || (_| |  ) ) ) )
  '  |____| .__|_| |_|_| |_\__, | / / / /
 =========|_|==============|___/=/_/_/_/

 :: Spring Boot ::               (v3.5.14)

2026-07-29T02:58:44.173+07:00  INFO 3964 --- [           main] com.example.operion.OperionApplication   : Starting OperionApplication using Java 17.0.19 with PID 3964 (C:\demo\target\classes started by Richard_118269 in C:\demo)
2026-07-29T02:58:44.174+07:00  INFO 3964 --- [           main] com.example.operion.OperionApplication   : No active profile set, falling back to 1 default profile: "default"
2026-07-29T02:58:45.051+07:00  INFO 3964 --- [           main] .s.d.r.c.RepositoryConfigurationDelegate : Bootstrapping Spring Data JPA repositories in DEFAULT mode.
2026-07-29T02:58:45.246+07:00  INFO 3964 --- [           main] .s.d.r.c.RepositoryConfigurationDelegate : Finished Spring Data repository scanning in 189 ms. Found 34 JPA repository interfaces.
2026-07-29T02:58:45.954+07:00  INFO 3964 --- [           main] o.s.b.w.embedded.tomcat.TomcatWebServer  : Tomcat initialized with port 8080 (http)
2026-07-29T02:58:45.970+07:00  INFO 3964 --- [           main] o.apache.catalina.core.StandardService   : Starting service [Tomcat]
2026-07-29T02:58:45.970+07:00  INFO 3964 --- [           main] o.apache.catalina.core.StandardEngine    : Starting Servlet engine: [Apache Tomcat/10.1.54]
2026-07-29T02:58:46.034+07:00  INFO 3964 --- [           main] o.a.c.c.C.[Tomcat].[localhost].[/]       : Initializing Spring embedded WebApplicationContext
2026-07-29T02:58:46.034+07:00  INFO 3964 --- [           main] w.s.c.ServletWebServerApplicationContext : Root WebApplicationContext: initialization completed in 1820 ms
2026-07-29T02:58:46.229+07:00  INFO 3964 --- [           main] o.hibernate.jpa.internal.util.LogHelper  : HHH000204: Processing PersistenceUnitInfo [name: default]
2026-07-29T02:58:46.277+07:00  INFO 3964 --- [           main] org.hibernate.Version                    : HHH000412: Hibernate ORM core version 6.6.49.Final
2026-07-29T02:58:46.316+07:00  INFO 3964 --- [           main] o.h.c.internal.RegionFactoryInitiator    : HHH000026: Second-level cache disabled
2026-07-29T02:58:46.854+07:00  INFO 3964 --- [           main] o.s.o.j.p.SpringPersistenceUnitInfo      : No LoadTimeWeaver setup: ignoring JPA class transformer
2026-07-29T02:58:46.895+07:00  INFO 3964 --- [           main] com.zaxxer.hikari.HikariDataSource       : HikariPool-1 - Starting...
2026-07-29T02:58:47.174+07:00  INFO 3964 --- [           main] com.zaxxer.hikari.pool.HikariPool        : HikariPool-1 - Added connection org.postgresql.jdbc.PgConnection@341ccfd1
2026-07-29T02:58:47.174+07:00  INFO 3964 --- [           main] com.zaxxer.hikari.HikariDataSource       : HikariPool-1 - Start completed.
2026-07-29T02:58:47.228+07:00  WARN 3964 --- [           main] org.hibernate.orm.deprecation            : HHH90000025: PostgreSQLDialect does not need to be specified explicitly using 'hibernate.dialect' (remove the property setting and it will be selected by default)
2026-07-29T02:58:47.245+07:00  INFO 3964 --- [           main] org.hibernate.orm.connections.pooling    : HHH10001005: Database info:
	Database JDBC URL [Connecting through datasource 'HikariDataSource (HikariPool-1)']
	Database driver: undefined/unknown
	Database version: 18.3
	Autocommit mode: undefined/unknown
	Isolation level: undefined/unknown
	Minimum pool size: undefined/unknown
	Maximum pool size: undefined/unknown
2026-07-29T02:58:48.406+07:00  INFO 3964 --- [           main] o.h.e.t.j.p.i.JtaPlatformInitiator       : HHH000489: No JTA platform available (set 'hibernate.transaction.jta.platform' to enable JTA platform integration)
2026-07-29T02:58:48.827+07:00  INFO 3964 --- [           main] j.LocalContainerEntityManagerFactoryBean : Initialized JPA EntityManagerFactory for persistence unit 'default'
2026-07-29T02:58:49.084+07:00  INFO 3964 --- [           main] o.s.d.j.r.query.QueryEnhancerFactory     : Hibernate is in classpath; If applicable, HQL parser will be used.
2026-07-29T02:58:50.463+07:00  WARN 3964 --- [           main] JpaBaseConfiguration$JpaWebConfiguration : spring.jpa.open-in-view is enabled by default. Therefore, database queries may be performed during view rendering. Explicitly configure spring.jpa.open-in-view to disable this warning
2026-07-29T02:58:50.495+07:00  INFO 3964 --- [           main] r$InitializeUserDetailsManagerConfigurer : Global AuthenticationManager configured with UserDetailsService bean with name customUserDetailsService
2026-07-29T02:58:51.028+07:00  INFO 3964 --- [           main] o.s.b.w.embedded.tomcat.TomcatWebServer  : Tomcat started on port 8080 (http) with context path '/'
2026-07-29T02:58:51.035+07:00  INFO 3964 --- [           main] com.example.operion.OperionApplication   : Started OperionApplication in 7.255 seconds (process running for 7.717)
Hibernate: select t1_0.id,t1_0.active,t1_0.code,t1_0.created_at,t1_0.name,t1_0.parent_id,t1_0.updated_at from tenants t1_0
Hibernate: select t1_0.id,t1_0.active,t1_0.code,t1_0.created_at,t1_0.name,t1_0.parent_id,t1_0.updated_at from tenants t1_0 where t1_0.id=?
Hibernate: select pc1_0.id,pc1_0.description,pc1_0.name,pc1_0.tenant_id from part_categories pc1_0 left join tenants t1_0 on t1_0.id=pc1_0.tenant_id where t1_0.id=? and pc1_0.name=?
Hibernate: select pc1_0.id,pc1_0.description,pc1_0.name,pc1_0.tenant_id from part_categories pc1_0 left join tenants t1_0 on t1_0.id=pc1_0.tenant_id where t1_0.id=? and pc1_0.name=?
Hibernate: select pc1_0.id,pc1_0.description,pc1_0.name,pc1_0.tenant_id from part_categories pc1_0 left join tenants t1_0 on t1_0.id=pc1_0.tenant_id where t1_0.id=? and pc1_0.name=?
Hibernate: select pc1_0.id,pc1_0.description,pc1_0.name,pc1_0.tenant_id from part_categories pc1_0 left join tenants t1_0 on t1_0.id=pc1_0.tenant_id where t1_0.id=? and pc1_0.name=?
Hibernate: select pc1_0.id,pc1_0.description,pc1_0.name,pc1_0.tenant_id from part_categories pc1_0 left join tenants t1_0 on t1_0.id=pc1_0.tenant_id where t1_0.id=? and pc1_0.name=?
Hibernate: select pc1_0.id,pc1_0.description,pc1_0.name,pc1_0.tenant_id from part_categories pc1_0 left join tenants t1_0 on t1_0.id=pc1_0.tenant_id where t1_0.id=? and pc1_0.name=?
Hibernate: select pc1_0.id,pc1_0.description,pc1_0.name,pc1_0.tenant_id from part_categories pc1_0 left join tenants t1_0 on t1_0.id=pc1_0.tenant_id where t1_0.id=? and pc1_0.name=?
Hibernate: select pc1_0.id,pc1_0.description,pc1_0.name,pc1_0.tenant_id from part_categories pc1_0 left join tenants t1_0 on t1_0.id=pc1_0.tenant_id where t1_0.id=? and pc1_0.name=?
Hibernate: select pc1_0.id,pc1_0.description,pc1_0.name,pc1_0.tenant_id from part_categories pc1_0 left join tenants t1_0 on t1_0.id=pc1_0.tenant_id where t1_0.id=? and pc1_0.name=?
Hibernate: select pc1_0.id,pc1_0.description,pc1_0.name,pc1_0.tenant_id from part_categories pc1_0 left join tenants t1_0 on t1_0.id=pc1_0.tenant_id where t1_0.id=? and pc1_0.name=?
Hibernate: select pc1_0.id,pc1_0.description,pc1_0.name,pc1_0.tenant_id from part_categories pc1_0 left join tenants t1_0 on t1_0.id=pc1_0.tenant_id where t1_0.id=? and pc1_0.name=?
Hibernate: select pc1_0.id,pc1_0.description,pc1_0.name,pc1_0.tenant_id from part_categories pc1_0 left join tenants t1_0 on t1_0.id=pc1_0.tenant_id where t1_0.id=? and pc1_0.name=?
Hibernate: select pt1_0.id,pt1_0.category_id,pt1_0.description,pt1_0.name,pt1_0.tenant_id from part_type pt1_0 left join tenants t1_0 on t1_0.id=pt1_0.tenant_id left join part_categories c1_0 on c1_0.id=pt1_0.category_id where t1_0.id=? and c1_0.id=? and pt1_0.name=?
Hibernate: select pt1_0.id,pt1_0.category_id,pt1_0.description,pt1_0.name,pt1_0.tenant_id from part_type pt1_0 left join tenants t1_0 on t1_0.id=pt1_0.tenant_id left join part_categories c1_0 on c1_0.id=pt1_0.category_id where t1_0.id=? and c1_0.id=? and pt1_0.name=?
Hibernate: select pt1_0.id,pt1_0.category_id,pt1_0.description,pt1_0.name,pt1_0.tenant_id from part_type pt1_0 left join tenants t1_0 on t1_0.id=pt1_0.tenant_id left join part_categories c1_0 on c1_0.id=pt1_0.category_id where t1_0.id=? and c1_0.id=? and pt1_0.name=?
Hibernate: select pt1_0.id,pt1_0.category_id,pt1_0.description,pt1_0.name,pt1_0.tenant_id from part_type pt1_0 left join tenants t1_0 on t1_0.id=pt1_0.tenant_id left join part_categories c1_0 on c1_0.id=pt1_0.category_id where t1_0.id=? and c1_0.id=? and pt1_0.name=?
Hibernate: select pt1_0.id,pt1_0.category_id,pt1_0.description,pt1_0.name,pt1_0.tenant_id from part_type pt1_0 left join tenants t1_0 on t1_0.id=pt1_0.tenant_id left join part_categories c1_0 on c1_0.id=pt1_0.category_id where t1_0.id=? and c1_0.id=? and pt1_0.name=?
Hibernate: select pt1_0.id,pt1_0.category_id,pt1_0.description,pt1_0.name,pt1_0.tenant_id from part_type pt1_0 left join tenants t1_0 on t1_0.id=pt1_0.tenant_id left join part_categories c1_0 on c1_0.id=pt1_0.category_id where t1_0.id=? and c1_0.id=? and pt1_0.name=?
Hibernate: select pt1_0.id,pt1_0.category_id,pt1_0.description,pt1_0.name,pt1_0.tenant_id from part_type pt1_0 left join tenants t1_0 on t1_0.id=pt1_0.tenant_id left join part_categories c1_0 on c1_0.id=pt1_0.category_id where t1_0.id=? and c1_0.id=? and pt1_0.name=?
Hibernate: select pt1_0.id,pt1_0.category_id,pt1_0.description,pt1_0.name,pt1_0.tenant_id from part_type pt1_0 left join tenants t1_0 on t1_0.id=pt1_0.tenant_id left join part_categories c1_0 on c1_0.id=pt1_0.category_id where t1_0.id=? and c1_0.id=? and pt1_0.name=?
Hibernate: select pt1_0.id,pt1_0.category_id,pt1_0.description,pt1_0.name,pt1_0.tenant_id from part_type pt1_0 left join tenants t1_0 on t1_0.id=pt1_0.tenant_id left join part_categories c1_0 on c1_0.id=pt1_0.category_id where t1_0.id=? and c1_0.id=? and pt1_0.name=?
Hibernate: select pt1_0.id,pt1_0.category_id,pt1_0.description,pt1_0.name,pt1_0.tenant_id from part_type pt1_0 left join tenants t1_0 on t1_0.id=pt1_0.tenant_id left join part_categories c1_0 on c1_0.id=pt1_0.category_id where t1_0.id=? and c1_0.id=? and pt1_0.name=?
Hibernate: select pt1_0.id,pt1_0.category_id,pt1_0.description,pt1_0.name,pt1_0.tenant_id from part_type pt1_0 left join tenants t1_0 on t1_0.id=pt1_0.tenant_id left join part_categories c1_0 on c1_0.id=pt1_0.category_id where t1_0.id=? and c1_0.id=? and pt1_0.name=?
Hibernate: select pt1_0.id,pt1_0.category_id,pt1_0.description,pt1_0.name,pt1_0.tenant_id from part_type pt1_0 left join tenants t1_0 on t1_0.id=pt1_0.tenant_id left join part_categories c1_0 on c1_0.id=pt1_0.category_id where t1_0.id=? and c1_0.id=? and pt1_0.name=?
Hibernate: select pt1_0.id,pt1_0.category_id,pt1_0.description,pt1_0.name,pt1_0.tenant_id from part_type pt1_0 left join tenants t1_0 on t1_0.id=pt1_0.tenant_id left join part_categories c1_0 on c1_0.id=pt1_0.category_id where t1_0.id=? and c1_0.id=? and pt1_0.name=?
Hibernate: select pt1_0.id,pt1_0.category_id,pt1_0.description,pt1_0.name,pt1_0.tenant_id from part_type pt1_0 left join tenants t1_0 on t1_0.id=pt1_0.tenant_id left join part_categories c1_0 on c1_0.id=pt1_0.category_id where t1_0.id=? and c1_0.id=? and pt1_0.name=?
Hibernate: select pt1_0.id,pt1_0.category_id,pt1_0.description,pt1_0.name,pt1_0.tenant_id from part_type pt1_0 left join tenants t1_0 on t1_0.id=pt1_0.tenant_id left join part_categories c1_0 on c1_0.id=pt1_0.category_id where t1_0.id=? and c1_0.id=? and pt1_0.name=?
Hibernate: select pt1_0.id,pt1_0.category_id,pt1_0.description,pt1_0.name,pt1_0.tenant_id from part_type pt1_0 left join tenants t1_0 on t1_0.id=pt1_0.tenant_id left join part_categories c1_0 on c1_0.id=pt1_0.category_id where t1_0.id=? and c1_0.id=? and pt1_0.name=?
Hibernate: select pt1_0.id,pt1_0.category_id,pt1_0.description,pt1_0.name,pt1_0.tenant_id from part_type pt1_0 left join tenants t1_0 on t1_0.id=pt1_0.tenant_id left join part_categories c1_0 on c1_0.id=pt1_0.category_id where t1_0.id=? and c1_0.id=? and pt1_0.name=?
Hibernate: select pt1_0.id,pt1_0.category_id,pt1_0.description,pt1_0.name,pt1_0.tenant_id from part_type pt1_0 left join tenants t1_0 on t1_0.id=pt1_0.tenant_id left join part_categories c1_0 on c1_0.id=pt1_0.category_id where t1_0.id=? and c1_0.id=? and pt1_0.name=?
Hibernate: select pt1_0.id,pt1_0.category_id,pt1_0.description,pt1_0.name,pt1_0.tenant_id from part_type pt1_0 left join tenants t1_0 on t1_0.id=pt1_0.tenant_id left join part_categories c1_0 on c1_0.id=pt1_0.category_id where t1_0.id=? and c1_0.id=? and pt1_0.name=?
Hibernate: select pt1_0.id,pt1_0.category_id,pt1_0.description,pt1_0.name,pt1_0.tenant_id from part_type pt1_0 left join tenants t1_0 on t1_0.id=pt1_0.tenant_id left join part_categories c1_0 on c1_0.id=pt1_0.category_id where t1_0.id=? and c1_0.id=? and pt1_0.name=?
Hibernate: select pt1_0.id,pt1_0.category_id,pt1_0.description,pt1_0.name,pt1_0.tenant_id from part_type pt1_0 left join tenants t1_0 on t1_0.id=pt1_0.tenant_id left join part_categories c1_0 on c1_0.id=pt1_0.category_id where t1_0.id=? and c1_0.id=? and pt1_0.name=?
Hibernate: select pt1_0.id,pt1_0.category_id,pt1_0.description,pt1_0.name,pt1_0.tenant_id from part_type pt1_0 left join tenants t1_0 on t1_0.id=pt1_0.tenant_id left join part_categories c1_0 on c1_0.id=pt1_0.category_id where t1_0.id=? and c1_0.id=? and pt1_0.name=?
Hibernate: select pt1_0.id,pt1_0.category_id,pt1_0.description,pt1_0.name,pt1_0.tenant_id from part_type pt1_0 left join tenants t1_0 on t1_0.id=pt1_0.tenant_id left join part_categories c1_0 on c1_0.id=pt1_0.category_id where t1_0.id=? and c1_0.id=? and pt1_0.name=?
Hibernate: select pt1_0.id,pt1_0.category_id,pt1_0.description,pt1_0.name,pt1_0.tenant_id from part_type pt1_0 left join tenants t1_0 on t1_0.id=pt1_0.tenant_id left join part_categories c1_0 on c1_0.id=pt1_0.category_id where t1_0.id=? and c1_0.id=? and pt1_0.name=?
Hibernate: select pt1_0.id,pt1_0.category_id,pt1_0.description,pt1_0.name,pt1_0.tenant_id from part_type pt1_0 left join tenants t1_0 on t1_0.id=pt1_0.tenant_id left join part_categories c1_0 on c1_0.id=pt1_0.category_id where t1_0.id=? and c1_0.id=? and pt1_0.name=?
Hibernate: select pt1_0.id,pt1_0.category_id,pt1_0.description,pt1_0.name,pt1_0.tenant_id from part_type pt1_0 left join tenants t1_0 on t1_0.id=pt1_0.tenant_id left join part_categories c1_0 on c1_0.id=pt1_0.category_id where t1_0.id=? and c1_0.id=? and pt1_0.name=?
Hibernate: select pt1_0.id,pt1_0.category_id,pt1_0.description,pt1_0.name,pt1_0.tenant_id from part_type pt1_0 left join tenants t1_0 on t1_0.id=pt1_0.tenant_id left join part_categories c1_0 on c1_0.id=pt1_0.category_id where t1_0.id=? and c1_0.id=? and pt1_0.name=?
Hibernate: select pt1_0.id,pt1_0.category_id,pt1_0.description,pt1_0.name,pt1_0.tenant_id from part_type pt1_0 left join tenants t1_0 on t1_0.id=pt1_0.tenant_id left join part_categories c1_0 on c1_0.id=pt1_0.category_id where t1_0.id=? and c1_0.id=? and pt1_0.name=?
Hibernate: select pt1_0.id,pt1_0.category_id,pt1_0.description,pt1_0.name,pt1_0.tenant_id from part_type pt1_0 left join tenants t1_0 on t1_0.id=pt1_0.tenant_id left join part_categories c1_0 on c1_0.id=pt1_0.category_id where t1_0.id=? and c1_0.id=? and pt1_0.name=?
Hibernate: select pt1_0.id,pt1_0.category_id,pt1_0.description,pt1_0.name,pt1_0.tenant_id from part_type pt1_0 left join tenants t1_0 on t1_0.id=pt1_0.tenant_id left join part_categories c1_0 on c1_0.id=pt1_0.category_id where t1_0.id=? and c1_0.id=? and pt1_0.name=?
Hibernate: select pt1_0.id,pt1_0.category_id,pt1_0.description,pt1_0.name,pt1_0.tenant_id from part_type pt1_0 left join tenants t1_0 on t1_0.id=pt1_0.tenant_id left join part_categories c1_0 on c1_0.id=pt1_0.category_id where t1_0.id=? and c1_0.id=? and pt1_0.name=?
Hibernate: select pt1_0.id,pt1_0.category_id,pt1_0.description,pt1_0.name,pt1_0.tenant_id from part_type pt1_0 left join tenants t1_0 on t1_0.id=pt1_0.tenant_id left join part_categories c1_0 on c1_0.id=pt1_0.category_id where t1_0.id=? and c1_0.id=? and pt1_0.name=?
Hibernate: select pt1_0.id,pt1_0.category_id,pt1_0.description,pt1_0.name,pt1_0.tenant_id from part_type pt1_0 left join tenants t1_0 on t1_0.id=pt1_0.tenant_id left join part_categories c1_0 on c1_0.id=pt1_0.category_id where t1_0.id=? and c1_0.id=? and pt1_0.name=?
Hibernate: select pt1_0.id,pt1_0.category_id,pt1_0.description,pt1_0.name,pt1_0.tenant_id from part_type pt1_0 left join tenants t1_0 on t1_0.id=pt1_0.tenant_id left join part_categories c1_0 on c1_0.id=pt1_0.category_id where t1_0.id=? and c1_0.id=? and pt1_0.name=?
Hibernate: select pt1_0.id,pt1_0.category_id,pt1_0.description,pt1_0.name,pt1_0.tenant_id from part_type pt1_0 left join tenants t1_0 on t1_0.id=pt1_0.tenant_id left join part_categories c1_0 on c1_0.id=pt1_0.category_id where t1_0.id=? and c1_0.id=? and pt1_0.name=?
Hibernate: select pt1_0.id,pt1_0.category_id,pt1_0.description,pt1_0.name,pt1_0.tenant_id from part_type pt1_0 left join tenants t1_0 on t1_0.id=pt1_0.tenant_id left join part_categories c1_0 on c1_0.id=pt1_0.category_id where t1_0.id=? and c1_0.id=? and pt1_0.name=?
Hibernate: select pt1_0.id,pt1_0.category_id,pt1_0.description,pt1_0.name,pt1_0.tenant_id from part_type pt1_0 left join tenants t1_0 on t1_0.id=pt1_0.tenant_id left join part_categories c1_0 on c1_0.id=pt1_0.category_id where t1_0.id=? and c1_0.id=? and pt1_0.name=?
Hibernate: select pt1_0.id,pt1_0.category_id,pt1_0.description,pt1_0.name,pt1_0.tenant_id from part_type pt1_0 left join tenants t1_0 on t1_0.id=pt1_0.tenant_id left join part_categories c1_0 on c1_0.id=pt1_0.category_id where t1_0.id=? and c1_0.id=? and pt1_0.name=?
Hibernate: select pt1_0.id,pt1_0.category_id,pt1_0.description,pt1_0.name,pt1_0.tenant_id from part_type pt1_0 left join tenants t1_0 on t1_0.id=pt1_0.tenant_id left join part_categories c1_0 on c1_0.id=pt1_0.category_id where t1_0.id=? and c1_0.id=? and pt1_0.name=?
Hibernate: select pt1_0.id,pt1_0.category_id,pt1_0.description,pt1_0.name,pt1_0.tenant_id from part_type pt1_0 left join tenants t1_0 on t1_0.id=pt1_0.tenant_id left join part_categories c1_0 on c1_0.id=pt1_0.category_id where t1_0.id=? and c1_0.id=? and pt1_0.name=?
Hibernate: select pt1_0.id,pt1_0.category_id,pt1_0.description,pt1_0.name,pt1_0.tenant_id from part_type pt1_0 left join tenants t1_0 on t1_0.id=pt1_0.tenant_id left join part_categories c1_0 on c1_0.id=pt1_0.category_id where t1_0.id=? and c1_0.id=? and pt1_0.name=?
Hibernate: select pt1_0.id,pt1_0.category_id,pt1_0.description,pt1_0.name,pt1_0.tenant_id from part_type pt1_0 left join tenants t1_0 on t1_0.id=pt1_0.tenant_id left join part_categories c1_0 on c1_0.id=pt1_0.category_id where t1_0.id=? and c1_0.id=? and pt1_0.name=?
Hibernate: select pt1_0.id,pt1_0.category_id,pt1_0.description,pt1_0.name,pt1_0.tenant_id from part_type pt1_0 left join tenants t1_0 on t1_0.id=pt1_0.tenant_id left join part_categories c1_0 on c1_0.id=pt1_0.category_id where t1_0.id=? and c1_0.id=? and pt1_0.name=?
Hibernate: select pt1_0.id,pt1_0.category_id,pt1_0.description,pt1_0.name,pt1_0.tenant_id from part_type pt1_0 left join tenants t1_0 on t1_0.id=pt1_0.tenant_id left join part_categories c1_0 on c1_0.id=pt1_0.category_id where t1_0.id=? and c1_0.id=? and pt1_0.name=?
Hibernate: select pt1_0.id,pt1_0.category_id,pt1_0.description,pt1_0.name,pt1_0.tenant_id from part_type pt1_0 left join tenants t1_0 on t1_0.id=pt1_0.tenant_id left join part_categories c1_0 on c1_0.id=pt1_0.category_id where t1_0.id=? and c1_0.id=? and pt1_0.name=?
Hibernate: select t1_0.id,t1_0.active,t1_0.code,t1_0.created_at,t1_0.name,t1_0.parent_id,t1_0.updated_at from tenants t1_0 where t1_0.id=?
Hibernate: select pc1_0.id,pc1_0.description,pc1_0.name,pc1_0.tenant_id from part_categories pc1_0 left join tenants t1_0 on t1_0.id=pc1_0.tenant_id where t1_0.id=? and pc1_0.name=?
Hibernate: select pc1_0.id,pc1_0.description,pc1_0.name,pc1_0.tenant_id from part_categories pc1_0 left join tenants t1_0 on t1_0.id=pc1_0.tenant_id where t1_0.id=? and pc1_0.name=?
Hibernate: select pc1_0.id,pc1_0.description,pc1_0.name,pc1_0.tenant_id from part_categories pc1_0 left join tenants t1_0 on t1_0.id=pc1_0.tenant_id where t1_0.id=? and pc1_0.name=?
Hibernate: select pc1_0.id,pc1_0.description,pc1_0.name,pc1_0.tenant_id from part_categories pc1_0 left join tenants t1_0 on t1_0.id=pc1_0.tenant_id where t1_0.id=? and pc1_0.name=?
Hibernate: select pc1_0.id,pc1_0.description,pc1_0.name,pc1_0.tenant_id from part_categories pc1_0 left join tenants t1_0 on t1_0.id=pc1_0.tenant_id where t1_0.id=? and pc1_0.name=?
Hibernate: select pc1_0.id,pc1_0.description,pc1_0.name,pc1_0.tenant_id from part_categories pc1_0 left join tenants t1_0 on t1_0.id=pc1_0.tenant_id where t1_0.id=? and pc1_0.name=?
Hibernate: select pc1_0.id,pc1_0.description,pc1_0.name,pc1_0.tenant_id from part_categories pc1_0 left join tenants t1_0 on t1_0.id=pc1_0.tenant_id where t1_0.id=? and pc1_0.name=?
Hibernate: select pc1_0.id,pc1_0.description,pc1_0.name,pc1_0.tenant_id from part_categories pc1_0 left join tenants t1_0 on t1_0.id=pc1_0.tenant_id where t1_0.id=? and pc1_0.name=?
Hibernate: select pc1_0.id,pc1_0.description,pc1_0.name,pc1_0.tenant_id from part_categories pc1_0 left join tenants t1_0 on t1_0.id=pc1_0.tenant_id where t1_0.id=? and pc1_0.name=?
Hibernate: select pc1_0.id,pc1_0.description,pc1_0.name,pc1_0.tenant_id from part_categories pc1_0 left join tenants t1_0 on t1_0.id=pc1_0.tenant_id where t1_0.id=? and pc1_0.name=?
Hibernate: select pc1_0.id,pc1_0.description,pc1_0.name,pc1_0.tenant_id from part_categories pc1_0 left join tenants t1_0 on t1_0.id=pc1_0.tenant_id where t1_0.id=? and pc1_0.name=?
Hibernate: select pc1_0.id,pc1_0.description,pc1_0.name,pc1_0.tenant_id from part_categories pc1_0 left join tenants t1_0 on t1_0.id=pc1_0.tenant_id where t1_0.id=? and pc1_0.name=?
Hibernate: select pt1_0.id,pt1_0.category_id,pt1_0.description,pt1_0.name,pt1_0.tenant_id from part_type pt1_0 left join tenants t1_0 on t1_0.id=pt1_0.tenant_id left join part_categories c1_0 on c1_0.id=pt1_0.category_id where t1_0.id=? and c1_0.id=? and pt1_0.name=?
Hibernate: select pt1_0.id,pt1_0.category_id,pt1_0.description,pt1_0.name,pt1_0.tenant_id from part_type pt1_0 left join tenants t1_0 on t1_0.id=pt1_0.tenant_id left join part_categories c1_0 on c1_0.id=pt1_0.category_id where t1_0.id=? and c1_0.id=? and pt1_0.name=?
Hibernate: select pt1_0.id,pt1_0.category_id,pt1_0.description,pt1_0.name,pt1_0.tenant_id from part_type pt1_0 left join tenants t1_0 on t1_0.id=pt1_0.tenant_id left join part_categories c1_0 on c1_0.id=pt1_0.category_id where t1_0.id=? and c1_0.id=? and pt1_0.name=?
Hibernate: select pt1_0.id,pt1_0.category_id,pt1_0.description,pt1_0.name,pt1_0.tenant_id from part_type pt1_0 left join tenants t1_0 on t1_0.id=pt1_0.tenant_id left join part_categories c1_0 on c1_0.id=pt1_0.category_id where t1_0.id=? and c1_0.id=? and pt1_0.name=?
Hibernate: select pt1_0.id,pt1_0.category_id,pt1_0.description,pt1_0.name,pt1_0.tenant_id from part_type pt1_0 left join tenants t1_0 on t1_0.id=pt1_0.tenant_id left join part_categories c1_0 on c1_0.id=pt1_0.category_id where t1_0.id=? and c1_0.id=? and pt1_0.name=?
Hibernate: select pt1_0.id,pt1_0.category_id,pt1_0.description,pt1_0.name,pt1_0.tenant_id from part_type pt1_0 left join tenants t1_0 on t1_0.id=pt1_0.tenant_id left join part_categories c1_0 on c1_0.id=pt1_0.category_id where t1_0.id=? and c1_0.id=? and pt1_0.name=?
Hibernate: select pt1_0.id,pt1_0.category_id,pt1_0.description,pt1_0.name,pt1_0.tenant_id from part_type pt1_0 left join tenants t1_0 on t1_0.id=pt1_0.tenant_id left join part_categories c1_0 on c1_0.id=pt1_0.category_id where t1_0.id=? and c1_0.id=? and pt1_0.name=?
Hibernate: select pt1_0.id,pt1_0.category_id,pt1_0.description,pt1_0.name,pt1_0.tenant_id from part_type pt1_0 left join tenants t1_0 on t1_0.id=pt1_0.tenant_id left join part_categories c1_0 on c1_0.id=pt1_0.category_id where t1_0.id=? and c1_0.id=? and pt1_0.name=?
Hibernate: select pt1_0.id,pt1_0.category_id,pt1_0.description,pt1_0.name,pt1_0.tenant_id from part_type pt1_0 left join tenants t1_0 on t1_0.id=pt1_0.tenant_id left join part_categories c1_0 on c1_0.id=pt1_0.category_id where t1_0.id=? and c1_0.id=? and pt1_0.name=?
Hibernate: select pt1_0.id,pt1_0.category_id,pt1_0.description,pt1_0.name,pt1_0.tenant_id from part_type pt1_0 left join tenants t1_0 on t1_0.id=pt1_0.tenant_id left join part_categories c1_0 on c1_0.id=pt1_0.category_id where t1_0.id=? and c1_0.id=? and pt1_0.name=?
Hibernate: select pt1_0.id,pt1_0.category_id,pt1_0.description,pt1_0.name,pt1_0.tenant_id from part_type pt1_0 left join tenants t1_0 on t1_0.id=pt1_0.tenant_id left join part_categories c1_0 on c1_0.id=pt1_0.category_id where t1_0.id=? and c1_0.id=? and pt1_0.name=?
Hibernate: select pt1_0.id,pt1_0.category_id,pt1_0.description,pt1_0.name,pt1_0.tenant_id from part_type pt1_0 left join tenants t1_0 on t1_0.id=pt1_0.tenant_id left join part_categories c1_0 on c1_0.id=pt1_0.category_id where t1_0.id=? and c1_0.id=? and pt1_0.name=?
Hibernate: select pt1_0.id,pt1_0.category_id,pt1_0.description,pt1_0.name,pt1_0.tenant_id from part_type pt1_0 left join tenants t1_0 on t1_0.id=pt1_0.tenant_id left join part_categories c1_0 on c1_0.id=pt1_0.category_id where t1_0.id=? and c1_0.id=? and pt1_0.name=?
Hibernate: select pt1_0.id,pt1_0.category_id,pt1_0.description,pt1_0.name,pt1_0.tenant_id from part_type pt1_0 left join tenants t1_0 on t1_0.id=pt1_0.tenant_id left join part_categories c1_0 on c1_0.id=pt1_0.category_id where t1_0.id=? and c1_0.id=? and pt1_0.name=?
Hibernate: select pt1_0.id,pt1_0.category_id,pt1_0.description,pt1_0.name,pt1_0.tenant_id from part_type pt1_0 left join tenants t1_0 on t1_0.id=pt1_0.tenant_id left join part_categories c1_0 on c1_0.id=pt1_0.category_id where t1_0.id=? and c1_0.id=? and pt1_0.name=?
Hibernate: select pt1_0.id,pt1_0.category_id,pt1_0.description,pt1_0.name,pt1_0.tenant_id from part_type pt1_0 left join tenants t1_0 on t1_0.id=pt1_0.tenant_id left join part_categories c1_0 on c1_0.id=pt1_0.category_id where t1_0.id=? and c1_0.id=? and pt1_0.name=?
Hibernate: select pt1_0.id,pt1_0.category_id,pt1_0.description,pt1_0.name,pt1_0.tenant_id from part_type pt1_0 left join tenants t1_0 on t1_0.id=pt1_0.tenant_id left join part_categories c1_0 on c1_0.id=pt1_0.category_id where t1_0.id=? and c1_0.id=? and pt1_0.name=?
Hibernate: select pt1_0.id,pt1_0.category_id,pt1_0.description,pt1_0.name,pt1_0.tenant_id from part_type pt1_0 left join tenants t1_0 on t1_0.id=pt1_0.tenant_id left join part_categories c1_0 on c1_0.id=pt1_0.category_id where t1_0.id=? and c1_0.id=? and pt1_0.name=?
Hibernate: select pt1_0.id,pt1_0.category_id,pt1_0.description,pt1_0.name,pt1_0.tenant_id from part_type pt1_0 left join tenants t1_0 on t1_0.id=pt1_0.tenant_id left join part_categories c1_0 on c1_0.id=pt1_0.category_id where t1_0.id=? and c1_0.id=? and pt1_0.name=?
Hibernate: select pt1_0.id,pt1_0.category_id,pt1_0.description,pt1_0.name,pt1_0.tenant_id from part_type pt1_0 left join tenants t1_0 on t1_0.id=pt1_0.tenant_id left join part_categories c1_0 on c1_0.id=pt1_0.category_id where t1_0.id=? and c1_0.id=? and pt1_0.name=?
Hibernate: select pt1_0.id,pt1_0.category_id,pt1_0.description,pt1_0.name,pt1_0.tenant_id from part_type pt1_0 left join tenants t1_0 on t1_0.id=pt1_0.tenant_id left join part_categories c1_0 on c1_0.id=pt1_0.category_id where t1_0.id=? and c1_0.id=? and pt1_0.name=?
Hibernate: select pt1_0.id,pt1_0.category_id,pt1_0.description,pt1_0.name,pt1_0.tenant_id from part_type pt1_0 left join tenants t1_0 on t1_0.id=pt1_0.tenant_id left join part_categories c1_0 on c1_0.id=pt1_0.category_id where t1_0.id=? and c1_0.id=? and pt1_0.name=?
Hibernate: select pt1_0.id,pt1_0.category_id,pt1_0.description,pt1_0.name,pt1_0.tenant_id from part_type pt1_0 left join tenants t1_0 on t1_0.id=pt1_0.tenant_id left join part_categories c1_0 on c1_0.id=pt1_0.category_id where t1_0.id=? and c1_0.id=? and pt1_0.name=?
Hibernate: select pt1_0.id,pt1_0.category_id,pt1_0.description,pt1_0.name,pt1_0.tenant_id from part_type pt1_0 left join tenants t1_0 on t1_0.id=pt1_0.tenant_id left join part_categories c1_0 on c1_0.id=pt1_0.category_id where t1_0.id=? and c1_0.id=? and pt1_0.name=?
Hibernate: select pt1_0.id,pt1_0.category_id,pt1_0.description,pt1_0.name,pt1_0.tenant_id from part_type pt1_0 left join tenants t1_0 on t1_0.id=pt1_0.tenant_id left join part_categories c1_0 on c1_0.id=pt1_0.category_id where t1_0.id=? and c1_0.id=? and pt1_0.name=?
Hibernate: select pt1_0.id,pt1_0.category_id,pt1_0.description,pt1_0.name,pt1_0.tenant_id from part_type pt1_0 left join tenants t1_0 on t1_0.id=pt1_0.tenant_id left join part_categories c1_0 on c1_0.id=pt1_0.category_id where t1_0.id=? and c1_0.id=? and pt1_0.name=?
Hibernate: select pt1_0.id,pt1_0.category_id,pt1_0.description,pt1_0.name,pt1_0.tenant_id from part_type pt1_0 left join tenants t1_0 on t1_0.id=pt1_0.tenant_id left join part_categories c1_0 on c1_0.id=pt1_0.category_id where t1_0.id=? and c1_0.id=? and pt1_0.name=?
Hibernate: select pt1_0.id,pt1_0.category_id,pt1_0.description,pt1_0.name,pt1_0.tenant_id from part_type pt1_0 left join tenants t1_0 on t1_0.id=pt1_0.tenant_id left join part_categories c1_0 on c1_0.id=pt1_0.category_id where t1_0.id=? and c1_0.id=? and pt1_0.name=?
Hibernate: select pt1_0.id,pt1_0.category_id,pt1_0.description,pt1_0.name,pt1_0.tenant_id from part_type pt1_0 left join tenants t1_0 on t1_0.id=pt1_0.tenant_id left join part_categories c1_0 on c1_0.id=pt1_0.category_id where t1_0.id=? and c1_0.id=? and pt1_0.name=?
Hibernate: select pt1_0.id,pt1_0.category_id,pt1_0.description,pt1_0.name,pt1_0.tenant_id from part_type pt1_0 left join tenants t1_0 on t1_0.id=pt1_0.tenant_id left join part_categories c1_0 on c1_0.id=pt1_0.category_id where t1_0.id=? and c1_0.id=? and pt1_0.name=?
Hibernate: select pt1_0.id,pt1_0.category_id,pt1_0.description,pt1_0.name,pt1_0.tenant_id from part_type pt1_0 left join tenants t1_0 on t1_0.id=pt1_0.tenant_id left join part_categories c1_0 on c1_0.id=pt1_0.category_id where t1_0.id=? and c1_0.id=? and pt1_0.name=?
Hibernate: select pt1_0.id,pt1_0.category_id,pt1_0.description,pt1_0.name,pt1_0.tenant_id from part_type pt1_0 left join tenants t1_0 on t1_0.id=pt1_0.tenant_id left join part_categories c1_0 on c1_0.id=pt1_0.category_id where t1_0.id=? and c1_0.id=? and pt1_0.name=?
Hibernate: select pt1_0.id,pt1_0.category_id,pt1_0.description,pt1_0.name,pt1_0.tenant_id from part_type pt1_0 left join tenants t1_0 on t1_0.id=pt1_0.tenant_id left join part_categories c1_0 on c1_0.id=pt1_0.category_id where t1_0.id=? and c1_0.id=? and pt1_0.name=?
Hibernate: select pt1_0.id,pt1_0.category_id,pt1_0.description,pt1_0.name,pt1_0.tenant_id from part_type pt1_0 left join tenants t1_0 on t1_0.id=pt1_0.tenant_id left join part_categories c1_0 on c1_0.id=pt1_0.category_id where t1_0.id=? and c1_0.id=? and pt1_0.name=?
Hibernate: select pt1_0.id,pt1_0.category_id,pt1_0.description,pt1_0.name,pt1_0.tenant_id from part_type pt1_0 left join tenants t1_0 on t1_0.id=pt1_0.tenant_id left join part_categories c1_0 on c1_0.id=pt1_0.category_id where t1_0.id=? and c1_0.id=? and pt1_0.name=?
Hibernate: select pt1_0.id,pt1_0.category_id,pt1_0.description,pt1_0.name,pt1_0.tenant_id from part_type pt1_0 left join tenants t1_0 on t1_0.id=pt1_0.tenant_id left join part_categories c1_0 on c1_0.id=pt1_0.category_id where t1_0.id=? and c1_0.id=? and pt1_0.name=?
Hibernate: select pt1_0.id,pt1_0.category_id,pt1_0.description,pt1_0.name,pt1_0.tenant_id from part_type pt1_0 left join tenants t1_0 on t1_0.id=pt1_0.tenant_id left join part_categories c1_0 on c1_0.id=pt1_0.category_id where t1_0.id=? and c1_0.id=? and pt1_0.name=?
Hibernate: select pt1_0.id,pt1_0.category_id,pt1_0.description,pt1_0.name,pt1_0.tenant_id from part_type pt1_0 left join tenants t1_0 on t1_0.id=pt1_0.tenant_id left join part_categories c1_0 on c1_0.id=pt1_0.category_id where t1_0.id=? and c1_0.id=? and pt1_0.name=?
Hibernate: select pt1_0.id,pt1_0.category_id,pt1_0.description,pt1_0.name,pt1_0.tenant_id from part_type pt1_0 left join tenants t1_0 on t1_0.id=pt1_0.tenant_id left join part_categories c1_0 on c1_0.id=pt1_0.category_id where t1_0.id=? and c1_0.id=? and pt1_0.name=?
Hibernate: select pt1_0.id,pt1_0.category_id,pt1_0.description,pt1_0.name,pt1_0.tenant_id from part_type pt1_0 left join tenants t1_0 on t1_0.id=pt1_0.tenant_id left join part_categories c1_0 on c1_0.id=pt1_0.category_id where t1_0.id=? and c1_0.id=? and pt1_0.name=?
Hibernate: select pt1_0.id,pt1_0.category_id,pt1_0.description,pt1_0.name,pt1_0.tenant_id from part_type pt1_0 left join tenants t1_0 on t1_0.id=pt1_0.tenant_id left join part_categories c1_0 on c1_0.id=pt1_0.category_id where t1_0.id=? and c1_0.id=? and pt1_0.name=?
Hibernate: select pt1_0.id,pt1_0.category_id,pt1_0.description,pt1_0.name,pt1_0.tenant_id from part_type pt1_0 left join tenants t1_0 on t1_0.id=pt1_0.tenant_id left join part_categories c1_0 on c1_0.id=pt1_0.category_id where t1_0.id=? and c1_0.id=? and pt1_0.name=?
Hibernate: select pt1_0.id,pt1_0.category_id,pt1_0.description,pt1_0.name,pt1_0.tenant_id from part_type pt1_0 left join tenants t1_0 on t1_0.id=pt1_0.tenant_id left join part_categories c1_0 on c1_0.id=pt1_0.category_id where t1_0.id=? and c1_0.id=? and pt1_0.name=?
Hibernate: select pt1_0.id,pt1_0.category_id,pt1_0.description,pt1_0.name,pt1_0.tenant_id from part_type pt1_0 left join tenants t1_0 on t1_0.id=pt1_0.tenant_id left join part_categories c1_0 on c1_0.id=pt1_0.category_id where t1_0.id=? and c1_0.id=? and pt1_0.name=?
Hibernate: select pt1_0.id,pt1_0.category_id,pt1_0.description,pt1_0.name,pt1_0.tenant_id from part_type pt1_0 left join tenants t1_0 on t1_0.id=pt1_0.tenant_id left join part_categories c1_0 on c1_0.id=pt1_0.category_id where t1_0.id=? and c1_0.id=? and pt1_0.name=?
Hibernate: select t1_0.id,t1_0.active,t1_0.code,t1_0.created_at,t1_0.name,t1_0.parent_id,t1_0.updated_at from tenants t1_0 where t1_0.id=?
Hibernate: select pc1_0.id,pc1_0.description,pc1_0.name,pc1_0.tenant_id from part_categories pc1_0 left join tenants t1_0 on t1_0.id=pc1_0.tenant_id where t1_0.id=? and pc1_0.name=?
Hibernate: select pc1_0.id,pc1_0.description,pc1_0.name,pc1_0.tenant_id from part_categories pc1_0 left join tenants t1_0 on t1_0.id=pc1_0.tenant_id where t1_0.id=? and pc1_0.name=?
Hibernate: select pc1_0.id,pc1_0.description,pc1_0.name,pc1_0.tenant_id from part_categories pc1_0 left join tenants t1_0 on t1_0.id=pc1_0.tenant_id where t1_0.id=? and pc1_0.name=?
Hibernate: select pc1_0.id,pc1_0.description,pc1_0.name,pc1_0.tenant_id from part_categories pc1_0 left join tenants t1_0 on t1_0.id=pc1_0.tenant_id where t1_0.id=? and pc1_0.name=?
Hibernate: select pc1_0.id,pc1_0.description,pc1_0.name,pc1_0.tenant_id from part_categories pc1_0 left join tenants t1_0 on t1_0.id=pc1_0.tenant_id where t1_0.id=? and pc1_0.name=?
Hibernate: select pc1_0.id,pc1_0.description,pc1_0.name,pc1_0.tenant_id from part_categories pc1_0 left join tenants t1_0 on t1_0.id=pc1_0.tenant_id where t1_0.id=? and pc1_0.name=?
Hibernate: select pc1_0.id,pc1_0.description,pc1_0.name,pc1_0.tenant_id from part_categories pc1_0 left join tenants t1_0 on t1_0.id=pc1_0.tenant_id where t1_0.id=? and pc1_0.name=?
Hibernate: select pc1_0.id,pc1_0.description,pc1_0.name,pc1_0.tenant_id from part_categories pc1_0 left join tenants t1_0 on t1_0.id=pc1_0.tenant_id where t1_0.id=? and pc1_0.name=?
Hibernate: select pc1_0.id,pc1_0.description,pc1_0.name,pc1_0.tenant_id from part_categories pc1_0 left join tenants t1_0 on t1_0.id=pc1_0.tenant_id where t1_0.id=? and pc1_0.name=?
Hibernate: select pc1_0.id,pc1_0.description,pc1_0.name,pc1_0.tenant_id from part_categories pc1_0 left join tenants t1_0 on t1_0.id=pc1_0.tenant_id where t1_0.id=? and pc1_0.name=?
Hibernate: select pc1_0.id,pc1_0.description,pc1_0.name,pc1_0.tenant_id from part_categories pc1_0 left join tenants t1_0 on t1_0.id=pc1_0.tenant_id where t1_0.id=? and pc1_0.name=?
Hibernate: select pc1_0.id,pc1_0.description,pc1_0.name,pc1_0.tenant_id from part_categories pc1_0 left join tenants t1_0 on t1_0.id=pc1_0.tenant_id where t1_0.id=? and pc1_0.name=?
Hibernate: select pt1_0.id,pt1_0.category_id,pt1_0.description,pt1_0.name,pt1_0.tenant_id from part_type pt1_0 left join tenants t1_0 on t1_0.id=pt1_0.tenant_id left join part_categories c1_0 on c1_0.id=pt1_0.category_id where t1_0.id=? and c1_0.id=? and pt1_0.name=?
Hibernate: select pt1_0.id,pt1_0.category_id,pt1_0.description,pt1_0.name,pt1_0.tenant_id from part_type pt1_0 left join tenants t1_0 on t1_0.id=pt1_0.tenant_id left join part_categories c1_0 on c1_0.id=pt1_0.category_id where t1_0.id=? and c1_0.id=? and pt1_0.name=?
Hibernate: select pt1_0.id,pt1_0.category_id,pt1_0.description,pt1_0.name,pt1_0.tenant_id from part_type pt1_0 left join tenants t1_0 on t1_0.id=pt1_0.tenant_id left join part_categories c1_0 on c1_0.id=pt1_0.category_id where t1_0.id=? and c1_0.id=? and pt1_0.name=?
Hibernate: select pt1_0.id,pt1_0.category_id,pt1_0.description,pt1_0.name,pt1_0.tenant_id from part_type pt1_0 left join tenants t1_0 on t1_0.id=pt1_0.tenant_id left join part_categories c1_0 on c1_0.id=pt1_0.category_id where t1_0.id=? and c1_0.id=? and pt1_0.name=?
Hibernate: select pt1_0.id,pt1_0.category_id,pt1_0.description,pt1_0.name,pt1_0.tenant_id from part_type pt1_0 left join tenants t1_0 on t1_0.id=pt1_0.tenant_id left join part_categories c1_0 on c1_0.id=pt1_0.category_id where t1_0.id=? and c1_0.id=? and pt1_0.name=?
Hibernate: select pt1_0.id,pt1_0.category_id,pt1_0.description,pt1_0.name,pt1_0.tenant_id from part_type pt1_0 left join tenants t1_0 on t1_0.id=pt1_0.tenant_id left join part_categories c1_0 on c1_0.id=pt1_0.category_id where t1_0.id=? and c1_0.id=? and pt1_0.name=?
Hibernate: select pt1_0.id,pt1_0.category_id,pt1_0.description,pt1_0.name,pt1_0.tenant_id from part_type pt1_0 left join tenants t1_0 on t1_0.id=pt1_0.tenant_id left join part_categories c1_0 on c1_0.id=pt1_0.category_id where t1_0.id=? and c1_0.id=? and pt1_0.name=?
Hibernate: select pt1_0.id,pt1_0.category_id,pt1_0.description,pt1_0.name,pt1_0.tenant_id from part_type pt1_0 left join tenants t1_0 on t1_0.id=pt1_0.tenant_id left join part_categories c1_0 on c1_0.id=pt1_0.category_id where t1_0.id=? and c1_0.id=? and pt1_0.name=?
Hibernate: select pt1_0.id,pt1_0.category_id,pt1_0.description,pt1_0.name,pt1_0.tenant_id from part_type pt1_0 left join tenants t1_0 on t1_0.id=pt1_0.tenant_id left join part_categories c1_0 on c1_0.id=pt1_0.category_id where t1_0.id=? and c1_0.id=? and pt1_0.name=?
Hibernate: select pt1_0.id,pt1_0.category_id,pt1_0.description,pt1_0.name,pt1_0.tenant_id from part_type pt1_0 left join tenants t1_0 on t1_0.id=pt1_0.tenant_id left join part_categories c1_0 on c1_0.id=pt1_0.category_id where t1_0.id=? and c1_0.id=? and pt1_0.name=?
Hibernate: select pt1_0.id,pt1_0.category_id,pt1_0.description,pt1_0.name,pt1_0.tenant_id from part_type pt1_0 left join tenants t1_0 on t1_0.id=pt1_0.tenant_id left join part_categories c1_0 on c1_0.id=pt1_0.category_id where t1_0.id=? and c1_0.id=? and pt1_0.name=?
Hibernate: select pt1_0.id,pt1_0.category_id,pt1_0.description,pt1_0.name,pt1_0.tenant_id from part_type pt1_0 left join tenants t1_0 on t1_0.id=pt1_0.tenant_id left join part_categories c1_0 on c1_0.id=pt1_0.category_id where t1_0.id=? and c1_0.id=? and pt1_0.name=?
Hibernate: select pt1_0.id,pt1_0.category_id,pt1_0.description,pt1_0.name,pt1_0.tenant_id from part_type pt1_0 left join tenants t1_0 on t1_0.id=pt1_0.tenant_id left join part_categories c1_0 on c1_0.id=pt1_0.category_id where t1_0.id=? and c1_0.id=? and pt1_0.name=?
Hibernate: select pt1_0.id,pt1_0.category_id,pt1_0.description,pt1_0.name,pt1_0.tenant_id from part_type pt1_0 left join tenants t1_0 on t1_0.id=pt1_0.tenant_id left join part_categories c1_0 on c1_0.id=pt1_0.category_id where t1_0.id=? and c1_0.id=? and pt1_0.name=?
Hibernate: select pt1_0.id,pt1_0.category_id,pt1_0.description,pt1_0.name,pt1_0.tenant_id from part_type pt1_0 left join tenants t1_0 on t1_0.id=pt1_0.tenant_id left join part_categories c1_0 on c1_0.id=pt1_0.category_id where t1_0.id=? and c1_0.id=? and pt1_0.name=?
Hibernate: select pt1_0.id,pt1_0.category_id,pt1_0.description,pt1_0.name,pt1_0.tenant_id from part_type pt1_0 left join tenants t1_0 on t1_0.id=pt1_0.tenant_id left join part_categories c1_0 on c1_0.id=pt1_0.category_id where t1_0.id=? and c1_0.id=? and pt1_0.name=?
Hibernate: select pt1_0.id,pt1_0.category_id,pt1_0.description,pt1_0.name,pt1_0.tenant_id from part_type pt1_0 left join tenants t1_0 on t1_0.id=pt1_0.tenant_id left join part_categories c1_0 on c1_0.id=pt1_0.category_id where t1_0.id=? and c1_0.id=? and pt1_0.name=?
Hibernate: select pt1_0.id,pt1_0.category_id,pt1_0.description,pt1_0.name,pt1_0.tenant_id from part_type pt1_0 left join tenants t1_0 on t1_0.id=pt1_0.tenant_id left join part_categories c1_0 on c1_0.id=pt1_0.category_id where t1_0.id=? and c1_0.id=? and pt1_0.name=?
Hibernate: select pt1_0.id,pt1_0.category_id,pt1_0.description,pt1_0.name,pt1_0.tenant_id from part_type pt1_0 left join tenants t1_0 on t1_0.id=pt1_0.tenant_id left join part_categories c1_0 on c1_0.id=pt1_0.category_id where t1_0.id=? and c1_0.id=? and pt1_0.name=?
Hibernate: select pt1_0.id,pt1_0.category_id,pt1_0.description,pt1_0.name,pt1_0.tenant_id from part_type pt1_0 left join tenants t1_0 on t1_0.id=pt1_0.tenant_id left join part_categories c1_0 on c1_0.id=pt1_0.category_id where t1_0.id=? and c1_0.id=? and pt1_0.name=?
Hibernate: select pt1_0.id,pt1_0.category_id,pt1_0.description,pt1_0.name,pt1_0.tenant_id from part_type pt1_0 left join tenants t1_0 on t1_0.id=pt1_0.tenant_id left join part_categories c1_0 on c1_0.id=pt1_0.category_id where t1_0.id=? and c1_0.id=? and pt1_0.name=?
Hibernate: select pt1_0.id,pt1_0.category_id,pt1_0.description,pt1_0.name,pt1_0.tenant_id from part_type pt1_0 left join tenants t1_0 on t1_0.id=pt1_0.tenant_id left join part_categories c1_0 on c1_0.id=pt1_0.category_id where t1_0.id=? and c1_0.id=? and pt1_0.name=?
Hibernate: select pt1_0.id,pt1_0.category_id,pt1_0.description,pt1_0.name,pt1_0.tenant_id from part_type pt1_0 left join tenants t1_0 on t1_0.id=pt1_0.tenant_id left join part_categories c1_0 on c1_0.id=pt1_0.category_id where t1_0.id=? and c1_0.id=? and pt1_0.name=?
Hibernate: select pt1_0.id,pt1_0.category_id,pt1_0.description,pt1_0.name,pt1_0.tenant_id from part_type pt1_0 left join tenants t1_0 on t1_0.id=pt1_0.tenant_id left join part_categories c1_0 on c1_0.id=pt1_0.category_id where t1_0.id=? and c1_0.id=? and pt1_0.name=?
Hibernate: select pt1_0.id,pt1_0.category_id,pt1_0.description,pt1_0.name,pt1_0.tenant_id from part_type pt1_0 left join tenants t1_0 on t1_0.id=pt1_0.tenant_id left join part_categories c1_0 on c1_0.id=pt1_0.category_id where t1_0.id=? and c1_0.id=? and pt1_0.name=?
Hibernate: select pt1_0.id,pt1_0.category_id,pt1_0.description,pt1_0.name,pt1_0.tenant_id from part_type pt1_0 left join tenants t1_0 on t1_0.id=pt1_0.tenant_id left join part_categories c1_0 on c1_0.id=pt1_0.category_id where t1_0.id=? and c1_0.id=? and pt1_0.name=?
Hibernate: select pt1_0.id,pt1_0.category_id,pt1_0.description,pt1_0.name,pt1_0.tenant_id from part_type pt1_0 left join tenants t1_0 on t1_0.id=pt1_0.tenant_id left join part_categories c1_0 on c1_0.id=pt1_0.category_id where t1_0.id=? and c1_0.id=? and pt1_0.name=?
Hibernate: select pt1_0.id,pt1_0.category_id,pt1_0.description,pt1_0.name,pt1_0.tenant_id from part_type pt1_0 left join tenants t1_0 on t1_0.id=pt1_0.tenant_id left join part_categories c1_0 on c1_0.id=pt1_0.category_id where t1_0.id=? and c1_0.id=? and pt1_0.name=?
Hibernate: select pt1_0.id,pt1_0.category_id,pt1_0.description,pt1_0.name,pt1_0.tenant_id from part_type pt1_0 left join tenants t1_0 on t1_0.id=pt1_0.tenant_id left join part_categories c1_0 on c1_0.id=pt1_0.category_id where t1_0.id=? and c1_0.id=? and pt1_0.name=?
Hibernate: select pt1_0.id,pt1_0.category_id,pt1_0.description,pt1_0.name,pt1_0.tenant_id from part_type pt1_0 left join tenants t1_0 on t1_0.id=pt1_0.tenant_id left join part_categories c1_0 on c1_0.id=pt1_0.category_id where t1_0.id=? and c1_0.id=? and pt1_0.name=?
Hibernate: select pt1_0.id,pt1_0.category_id,pt1_0.description,pt1_0.name,pt1_0.tenant_id from part_type pt1_0 left join tenants t1_0 on t1_0.id=pt1_0.tenant_id left join part_categories c1_0 on c1_0.id=pt1_0.category_id where t1_0.id=? and c1_0.id=? and pt1_0.name=?
Hibernate: select pt1_0.id,pt1_0.category_id,pt1_0.description,pt1_0.name,pt1_0.tenant_id from part_type pt1_0 left join tenants t1_0 on t1_0.id=pt1_0.tenant_id left join part_categories c1_0 on c1_0.id=pt1_0.category_id where t1_0.id=? and c1_0.id=? and pt1_0.name=?
Hibernate: select pt1_0.id,pt1_0.category_id,pt1_0.description,pt1_0.name,pt1_0.tenant_id from part_type pt1_0 left join tenants t1_0 on t1_0.id=pt1_0.tenant_id left join part_categories c1_0 on c1_0.id=pt1_0.category_id where t1_0.id=? and c1_0.id=? and pt1_0.name=?
Hibernate: select pt1_0.id,pt1_0.category_id,pt1_0.description,pt1_0.name,pt1_0.tenant_id from part_type pt1_0 left join tenants t1_0 on t1_0.id=pt1_0.tenant_id left join part_categories c1_0 on c1_0.id=pt1_0.category_id where t1_0.id=? and c1_0.id=? and pt1_0.name=?
Hibernate: select pt1_0.id,pt1_0.category_id,pt1_0.description,pt1_0.name,pt1_0.tenant_id from part_type pt1_0 left join tenants t1_0 on t1_0.id=pt1_0.tenant_id left join part_categories c1_0 on c1_0.id=pt1_0.category_id where t1_0.id=? and c1_0.id=? and pt1_0.name=?
Hibernate: select pt1_0.id,pt1_0.category_id,pt1_0.description,pt1_0.name,pt1_0.tenant_id from part_type pt1_0 left join tenants t1_0 on t1_0.id=pt1_0.tenant_id left join part_categories c1_0 on c1_0.id=pt1_0.category_id where t1_0.id=? and c1_0.id=? and pt1_0.name=?
Hibernate: select pt1_0.id,pt1_0.category_id,pt1_0.description,pt1_0.name,pt1_0.tenant_id from part_type pt1_0 left join tenants t1_0 on t1_0.id=pt1_0.tenant_id left join part_categories c1_0 on c1_0.id=pt1_0.category_id where t1_0.id=? and c1_0.id=? and pt1_0.name=?
Hibernate: select pt1_0.id,pt1_0.category_id,pt1_0.description,pt1_0.name,pt1_0.tenant_id from part_type pt1_0 left join tenants t1_0 on t1_0.id=pt1_0.tenant_id left join part_categories c1_0 on c1_0.id=pt1_0.category_id where t1_0.id=? and c1_0.id=? and pt1_0.name=?
Hibernate: select pt1_0.id,pt1_0.category_id,pt1_0.description,pt1_0.name,pt1_0.tenant_id from part_type pt1_0 left join tenants t1_0 on t1_0.id=pt1_0.tenant_id left join part_categories c1_0 on c1_0.id=pt1_0.category_id where t1_0.id=? and c1_0.id=? and pt1_0.name=?
Hibernate: select pt1_0.id,pt1_0.category_id,pt1_0.description,pt1_0.name,pt1_0.tenant_id from part_type pt1_0 left join tenants t1_0 on t1_0.id=pt1_0.tenant_id left join part_categories c1_0 on c1_0.id=pt1_0.category_id where t1_0.id=? and c1_0.id=? and pt1_0.name=?
Hibernate: select pt1_0.id,pt1_0.category_id,pt1_0.description,pt1_0.name,pt1_0.tenant_id from part_type pt1_0 left join tenants t1_0 on t1_0.id=pt1_0.tenant_id left join part_categories c1_0 on c1_0.id=pt1_0.category_id where t1_0.id=? and c1_0.id=? and pt1_0.name=?
Hibernate: select pt1_0.id,pt1_0.category_id,pt1_0.description,pt1_0.name,pt1_0.tenant_id from part_type pt1_0 left join tenants t1_0 on t1_0.id=pt1_0.tenant_id left join part_categories c1_0 on c1_0.id=pt1_0.category_id where t1_0.id=? and c1_0.id=? and pt1_0.name=?
Hibernate: select pt1_0.id,pt1_0.category_id,pt1_0.description,pt1_0.name,pt1_0.tenant_id from part_type pt1_0 left join tenants t1_0 on t1_0.id=pt1_0.tenant_id left join part_categories c1_0 on c1_0.id=pt1_0.category_id where t1_0.id=? and c1_0.id=? and pt1_0.name=?
Hibernate: select pt1_0.id,pt1_0.category_id,pt1_0.description,pt1_0.name,pt1_0.tenant_id from part_type pt1_0 left join tenants t1_0 on t1_0.id=pt1_0.tenant_id left join part_categories c1_0 on c1_0.id=pt1_0.category_id where t1_0.id=? and c1_0.id=? and pt1_0.name=?
Hibernate: select pt1_0.id,pt1_0.category_id,pt1_0.description,pt1_0.name,pt1_0.tenant_id from part_type pt1_0 left join tenants t1_0 on t1_0.id=pt1_0.tenant_id left join part_categories c1_0 on c1_0.id=pt1_0.category_id where t1_0.id=? and c1_0.id=? and pt1_0.name=?
2026-07-29T02:59:03.535+07:00  INFO 3964 --- [nio-8080-exec-1] o.a.c.c.C.[Tomcat].[localhost].[/]       : Initializing Spring DispatcherServlet 'dispatcherServlet'
2026-07-29T02:59:03.535+07:00  INFO 3964 --- [nio-8080-exec-1] o.s.web.servlet.DispatcherServlet        : Initializing Servlet 'dispatcherServlet'
2026-07-29T02:59:03.535+07:00  INFO 3964 --- [nio-8080-exec-1] o.s.web.servlet.DispatcherServlet        : Completed initialization in 0 ms
Hibernate: select u1_0.id,u1_0.created_at,u1_0.email,u1_0.full_name,u1_0.password_hash,u1_0.role,u1_0.scope,u1_0.tenant_id,u1_0.updated_at from users u1_0 where u1_0.email=?
Hibernate: select t1_0.id,t1_0.active,t1_0.code,t1_0.created_at,t1_0.name,t1_0.parent_id,t1_0.updated_at from tenants t1_0 where t1_0.code=?
Hibernate: insert into users (created_at,email,full_name,password_hash,role,scope,tenant_id,updated_at,id) values (?,?,?,?,?,?,?,?,?)
Hibernate: select t1_0.id,t1_0.active,t1_0.code,t1_0.created_at,t1_0.name,t1_0.parent_id,t1_0.updated_at from tenants t1_0 left join tenants p1_0 on p1_0.id=t1_0.parent_id where p1_0.id=?
Hibernate: select p1_0.id,p1_0.active,p1_0.brand,p1_0.category_id,p1_0.created_at,p1_0.current_stock,p1_0.expected_lifespan_days,p1_0.category,p1_0.manual_daily_usage,p1_0.manual_reorder_point,p1_0.minimum_stock,p1_0.name,p1_0.notes,p1_0.part_type_id,p1_0.reorder_quantity,p1_0.retired,p1_0.retired_at,p1_0.retirement_reason,p1_0.tenant_id,p1_0.updated_at from parts p1_0 where p1_0.tenant_id in (?) and p1_0.active=true
Hibernate: select pc1_0.id,pc1_0.description,pc1_0.name,pc1_0.tenant_id from part_categories pc1_0 where pc1_0.id=?
Hibernate: select pt1_0.id,pt1_0.category_id,pt1_0.description,pt1_0.name,pt1_0.tenant_id from part_type pt1_0 where pt1_0.id=?
Hibernate: select pt1_0.id,pt1_0.category_id,pt1_0.description,pt1_0.name,pt1_0.tenant_id from part_type pt1_0 where pt1_0.id=?
Hibernate: select pc1_0.id,pc1_0.description,pc1_0.name,pc1_0.tenant_id from part_categories pc1_0 where pc1_0.id=?
Hibernate: select pt1_0.id,pt1_0.category_id,pt1_0.description,pt1_0.name,pt1_0.tenant_id from part_type pt1_0 where pt1_0.id=?
Hibernate: select pt1_0.id,pt1_0.category_id,pt1_0.description,pt1_0.name,pt1_0.tenant_id from part_type pt1_0 where pt1_0.id=?
Hibernate: select pt1_0.id,pt1_0.category_id,pt1_0.description,pt1_0.name,pt1_0.tenant_id from part_type pt1_0 where pt1_0.id=?
Hibernate: select pc1_0.id,pc1_0.description,pc1_0.name,pc1_0.tenant_id from part_categories pc1_0 where pc1_0.id=?
Hibernate: select pt1_0.id,pt1_0.category_id,pt1_0.description,pt1_0.name,pt1_0.tenant_id from part_type pt1_0 where pt1_0.id=?
Hibernate: select pt1_0.id,pt1_0.category_id,pt1_0.description,pt1_0.name,pt1_0.tenant_id from part_type pt1_0 where pt1_0.id=?
Hibernate: select pt1_0.id,pt1_0.category_id,pt1_0.description,pt1_0.name,pt1_0.tenant_id from part_type pt1_0 where pt1_0.id=?
Hibernate: select pt1_0.id,pt1_0.category_id,pt1_0.description,pt1_0.name,pt1_0.tenant_id from part_type pt1_0 where pt1_0.id=?
Hibernate: select pt1_0.id,pt1_0.category_id,pt1_0.description,pt1_0.name,pt1_0.tenant_id from part_type pt1_0 where pt1_0.id=?
Hibernate: select pt1_0.id,pt1_0.category_id,pt1_0.description,pt1_0.name,pt1_0.tenant_id from part_type pt1_0 where pt1_0.id=?
Hibernate: select pt1_0.id,pt1_0.category_id,pt1_0.description,pt1_0.name,pt1_0.tenant_id from part_type pt1_0 where pt1_0.id=?
Hibernate: select pt1_0.id,pt1_0.category_id,pt1_0.description,pt1_0.name,pt1_0.tenant_id from part_type pt1_0 where pt1_0.id=?
Hibernate: select pt1_0.id,pt1_0.category_id,pt1_0.description,pt1_0.name,pt1_0.tenant_id from part_type pt1_0 where pt1_0.id=?
Hibernate: select pt1_0.id,pt1_0.category_id,pt1_0.description,pt1_0.name,pt1_0.tenant_id from part_type pt1_0 where pt1_0.id=?
Hibernate: select pt1_0.id,pt1_0.category_id,pt1_0.description,pt1_0.name,pt1_0.tenant_id from part_type pt1_0 where pt1_0.id=?
Hibernate: select pt1_0.id,pt1_0.category_id,pt1_0.description,pt1_0.name,pt1_0.tenant_id from part_type pt1_0 where pt1_0.id=?
Hibernate: select pt1_0.id,pt1_0.category_id,pt1_0.description,pt1_0.name,pt1_0.tenant_id from part_type pt1_0 where pt1_0.id=?
Hibernate: select pt1_0.id,pt1_0.category_id,pt1_0.description,pt1_0.name,pt1_0.tenant_id from part_type pt1_0 where pt1_0.id=?
Hibernate: select u1_0.id,u1_0.created_at,u1_0.email,u1_0.full_name,u1_0.password_hash,u1_0.role,u1_0.scope,u1_0.tenant_id,u1_0.updated_at from users u1_0 where u1_0.email=?
Hibernate: select t1_0.id,t1_0.active,t1_0.code,t1_0.created_at,t1_0.name,t1_0.parent_id,t1_0.updated_at from tenants t1_0 left join tenants p1_0 on p1_0.id=t1_0.parent_id where p1_0.id=?
Hibernate: select p1_0.id,p1_0.active,p1_0.brand,p1_0.category_id,p1_0.created_at,p1_0.current_stock,p1_0.expected_lifespan_days,p1_0.category,p1_0.manual_daily_usage,p1_0.manual_reorder_point,p1_0.minimum_stock,p1_0.name,p1_0.notes,p1_0.part_type_id,p1_0.reorder_quantity,p1_0.retired,p1_0.retired_at,p1_0.retirement_reason,p1_0.tenant_id,p1_0.updated_at from parts p1_0 where p1_0.tenant_id in (?) and p1_0.active=true
Hibernate: select pc1_0.id,pc1_0.description,pc1_0.name,pc1_0.tenant_id from part_categories pc1_0 where pc1_0.id=?
Hibernate: select pt1_0.id,pt1_0.category_id,pt1_0.description,pt1_0.name,pt1_0.tenant_id from part_type pt1_0 where pt1_0.id=?
Hibernate: select pt1_0.id,pt1_0.category_id,pt1_0.description,pt1_0.name,pt1_0.tenant_id from part_type pt1_0 where pt1_0.id=?
Hibernate: select pc1_0.id,pc1_0.description,pc1_0.name,pc1_0.tenant_id from part_categories pc1_0 where pc1_0.id=?
Hibernate: select pt1_0.id,pt1_0.category_id,pt1_0.description,pt1_0.name,pt1_0.tenant_id from part_type pt1_0 where pt1_0.id=?
Hibernate: select pt1_0.id,pt1_0.category_id,pt1_0.description,pt1_0.name,pt1_0.tenant_id from part_type pt1_0 where pt1_0.id=?
Hibernate: select pt1_0.id,pt1_0.category_id,pt1_0.description,pt1_0.name,pt1_0.tenant_id from part_type pt1_0 where pt1_0.id=?
Hibernate: select pc1_0.id,pc1_0.description,pc1_0.name,pc1_0.tenant_id from part_categories pc1_0 where pc1_0.id=?
Hibernate: select pt1_0.id,pt1_0.category_id,pt1_0.description,pt1_0.name,pt1_0.tenant_id from part_type pt1_0 where pt1_0.id=?
Hibernate: select pt1_0.id,pt1_0.category_id,pt1_0.description,pt1_0.name,pt1_0.tenant_id from part_type pt1_0 where pt1_0.id=?
Hibernate: select pt1_0.id,pt1_0.category_id,pt1_0.description,pt1_0.name,pt1_0.tenant_id from part_type pt1_0 where pt1_0.id=?
Hibernate: select pt1_0.id,pt1_0.category_id,pt1_0.description,pt1_0.name,pt1_0.tenant_id from part_type pt1_0 where pt1_0.id=?
Hibernate: select pt1_0.id,pt1_0.category_id,pt1_0.description,pt1_0.name,pt1_0.tenant_id from part_type pt1_0 where pt1_0.id=?
Hibernate: select pt1_0.id,pt1_0.category_id,pt1_0.description,pt1_0.name,pt1_0.tenant_id from part_type pt1_0 where pt1_0.id=?
Hibernate: select pt1_0.id,pt1_0.category_id,pt1_0.description,pt1_0.name,pt1_0.tenant_id from part_type pt1_0 where pt1_0.id=?
Hibernate: select pt1_0.id,pt1_0.category_id,pt1_0.description,pt1_0.name,pt1_0.tenant_id from part_type pt1_0 where pt1_0.id=?
Hibernate: select pt1_0.id,pt1_0.category_id,pt1_0.description,pt1_0.name,pt1_0.tenant_id from part_type pt1_0 where pt1_0.id=?
Hibernate: select pt1_0.id,pt1_0.category_id,pt1_0.description,pt1_0.name,pt1_0.tenant_id from part_type pt1_0 where pt1_0.id=?
Hibernate: select pt1_0.id,pt1_0.category_id,pt1_0.description,pt1_0.name,pt1_0.tenant_id from part_type pt1_0 where pt1_0.id=?
Hibernate: select pt1_0.id,pt1_0.category_id,pt1_0.description,pt1_0.name,pt1_0.tenant_id from part_type pt1_0 where pt1_0.id=?
Hibernate: select pt1_0.id,pt1_0.category_id,pt1_0.description,pt1_0.name,pt1_0.tenant_id from part_type pt1_0 where pt1_0.id=?
Hibernate: select pt1_0.id,pt1_0.category_id,pt1_0.description,pt1_0.name,pt1_0.tenant_id from part_type pt1_0 where pt1_0.id=?
Hibernate: select u1_0.id,u1_0.created_at,u1_0.email,u1_0.full_name,u1_0.password_hash,u1_0.role,u1_0.scope,u1_0.tenant_id,u1_0.updated_at from users u1_0 where u1_0.email=?
Hibernate: select t1_0.id,t1_0.active,t1_0.code,t1_0.created_at,t1_0.name,t1_0.parent_id,t1_0.updated_at from tenants t1_0 left join tenants p1_0 on p1_0.id=t1_0.parent_id where p1_0.id=?
Hibernate: select pc1_0.id,pc1_0.description,pc1_0.name,pc1_0.tenant_id from part_categories pc1_0 where pc1_0.tenant_id in (?)
Hibernate: select t1_0.id,t1_0.active,t1_0.code,t1_0.created_at,t1_0.name,t1_0.parent_id,t1_0.updated_at from tenants t1_0 left join tenants p1_0 on p1_0.id=t1_0.parent_id where p1_0.id=?
Hibernate: select pt1_0.id,pt1_0.category_id,pt1_0.description,pt1_0.name,pt1_0.tenant_id from part_type pt1_0 where pt1_0.tenant_id in (?)
Hibernate: select pc1_0.id,pc1_0.description,pc1_0.name,pc1_0.tenant_id from part_categories pc1_0 where pc1_0.id=?
Hibernate: select pc1_0.id,pc1_0.description,pc1_0.name,pc1_0.tenant_id from part_categories pc1_0 where pc1_0.id=?
Hibernate: select pc1_0.id,pc1_0.description,pc1_0.name,pc1_0.tenant_id from part_categories pc1_0 where pc1_0.id=?
Hibernate: select pc1_0.id,pc1_0.description,pc1_0.name,pc1_0.tenant_id from part_categories pc1_0 where pc1_0.id=?
Hibernate: select pc1_0.id,pc1_0.description,pc1_0.name,pc1_0.tenant_id from part_categories pc1_0 where pc1_0.id=?
Hibernate: select pc1_0.id,pc1_0.description,pc1_0.name,pc1_0.tenant_id from part_categories pc1_0 where pc1_0.id=?
Hibernate: select u1_0.id,u1_0.created_at,u1_0.email,u1_0.full_name,u1_0.password_hash,u1_0.role,u1_0.scope,u1_0.tenant_id,u1_0.updated_at from users u1_0 where u1_0.email=?
Hibernate: select t1_0.id,t1_0.active,t1_0.code,t1_0.created_at,t1_0.name,t1_0.parent_id,t1_0.updated_at from tenants t1_0 where t1_0.code=?
Hibernate: insert into users (created_at,email,full_name,password_hash,role,scope,tenant_id,updated_at,id) values (?,?,?,?,?,?,?,?,?)
Hibernate: select t1_0.id,t1_0.active,t1_0.code,t1_0.created_at,t1_0.name,t1_0.parent_id,t1_0.updated_at from tenants t1_0 where t1_0.id=?
Hibernate: select pc1_0.id,pc1_0.description,pc1_0.name,pc1_0.tenant_id from part_categories pc1_0 left join tenants t1_0 on t1_0.id=pc1_0.tenant_id where pc1_0.id=? and t1_0.id=?
Hibernate: select pt1_0.id,pt1_0.category_id,pt1_0.description,pt1_0.name,pt1_0.tenant_id from part_type pt1_0 left join tenants t1_0 on t1_0.id=pt1_0.tenant_id where pt1_0.id=? and t1_0.id=?
Hibernate: insert into parts (active,brand,category_id,created_at,current_stock,expected_lifespan_days,category,manual_daily_usage,manual_reorder_point,minimum_stock,name,notes,part_type_id,reorder_quantity,retired,retired_at,retirement_reason,tenant_id,updated_at,id) values (?,?,?,?,?,?,?,?,?,?,?,?,?,?,?,?,?,?,?,?)
Hibernate: select p1_0.id,p1_0.active,p1_0.brand,p1_0.category_id,p1_0.created_at,p1_0.current_stock,p1_0.expected_lifespan_days,p1_0.category,p1_0.manual_daily_usage,p1_0.manual_reorder_point,p1_0.minimum_stock,p1_0.name,p1_0.notes,p1_0.part_type_id,p1_0.reorder_quantity,p1_0.retired,p1_0.retired_at,p1_0.retirement_reason,p1_0.tenant_id,p1_0.updated_at from parts p1_0 left join tenants t1_0 on t1_0.id=p1_0.tenant_id where p1_0.id=? and t1_0.id=?
Hibernate: update parts set active=?,brand=?,category_id=?,created_at=?,current_stock=?,expected_lifespan_days=?,category=?,manual_daily_usage=?,manual_reorder_point=?,minimum_stock=?,name=?,notes=?,part_type_id=?,reorder_quantity=?,retired=?,retired_at=?,retirement_reason=?,tenant_id=?,updated_at=? where id=?
Hibernate: insert into stock_movements (after_stock,before_stock,created_at,movement_type,notes,part_id,quantity,reference_id,reference_type,tenant_id,id) values (?,?,?,?,?,?,?,?,?,?,?)
Hibernate: select t1_0.id,t1_0.active,t1_0.code,t1_0.created_at,t1_0.name,t1_0.parent_id,t1_0.updated_at from tenants t1_0 left join tenants p1_0 on p1_0.id=t1_0.parent_id where p1_0.id=?
Hibernate: select p1_0.id,p1_0.active,p1_0.brand,p1_0.category_id,p1_0.created_at,p1_0.current_stock,p1_0.expected_lifespan_days,p1_0.category,p1_0.manual_daily_usage,p1_0.manual_reorder_point,p1_0.minimum_stock,p1_0.name,p1_0.notes,p1_0.part_type_id,p1_0.reorder_quantity,p1_0.retired,p1_0.retired_at,p1_0.retirement_reason,p1_0.tenant_id,p1_0.updated_at from parts p1_0 where p1_0.tenant_id in (?) and p1_0.active=true
Hibernate: select pc1_0.id,pc1_0.description,pc1_0.name,pc1_0.tenant_id from part_categories pc1_0 where pc1_0.id=?
Hibernate: select pt1_0.id,pt1_0.category_id,pt1_0.description,pt1_0.name,pt1_0.tenant_id from part_type pt1_0 where pt1_0.id=?
Hibernate: select pt1_0.id,pt1_0.category_id,pt1_0.description,pt1_0.name,pt1_0.tenant_id from part_type pt1_0 where pt1_0.id=?
Hibernate: select pc1_0.id,pc1_0.description,pc1_0.name,pc1_0.tenant_id from part_categories pc1_0 where pc1_0.id=?
Hibernate: select pt1_0.id,pt1_0.category_id,pt1_0.description,pt1_0.name,pt1_0.tenant_id from part_type pt1_0 where pt1_0.id=?
Hibernate: select pt1_0.id,pt1_0.category_id,pt1_0.description,pt1_0.name,pt1_0.tenant_id from part_type pt1_0 where pt1_0.id=?
Hibernate: select pt1_0.id,pt1_0.category_id,pt1_0.description,pt1_0.name,pt1_0.tenant_id from part_type pt1_0 where pt1_0.id=?
Hibernate: select pc1_0.id,pc1_0.description,pc1_0.name,pc1_0.tenant_id from part_categories pc1_0 where pc1_0.id=?
Hibernate: select pt1_0.id,pt1_0.category_id,pt1_0.description,pt1_0.name,pt1_0.tenant_id from part_type pt1_0 where pt1_0.id=?
Hibernate: select pt1_0.id,pt1_0.category_id,pt1_0.description,pt1_0.name,pt1_0.tenant_id from part_type pt1_0 where pt1_0.id=?
Hibernate: select pt1_0.id,pt1_0.category_id,pt1_0.description,pt1_0.name,pt1_0.tenant_id from part_type pt1_0 where pt1_0.id=?
Hibernate: select pt1_0.id,pt1_0.category_id,pt1_0.description,pt1_0.name,pt1_0.tenant_id from part_type pt1_0 where pt1_0.id=?
Hibernate: select pt1_0.id,pt1_0.category_id,pt1_0.description,pt1_0.name,pt1_0.tenant_id from part_type pt1_0 where pt1_0.id=?
Hibernate: select pt1_0.id,pt1_0.category_id,pt1_0.description,pt1_0.name,pt1_0.tenant_id from part_type pt1_0 where pt1_0.id=?
Hibernate: select pt1_0.id,pt1_0.category_id,pt1_0.description,pt1_0.name,pt1_0.tenant_id from part_type pt1_0 where pt1_0.id=?
Hibernate: select pt1_0.id,pt1_0.category_id,pt1_0.description,pt1_0.name,pt1_0.tenant_id from part_type pt1_0 where pt1_0.id=?
Hibernate: select pt1_0.id,pt1_0.category_id,pt1_0.description,pt1_0.name,pt1_0.tenant_id from part_type pt1_0 where pt1_0.id=?
Hibernate: select pt1_0.id,pt1_0.category_id,pt1_0.description,pt1_0.name,pt1_0.tenant_id from part_type pt1_0 where pt1_0.id=?
Hibernate: select pt1_0.id,pt1_0.category_id,pt1_0.description,pt1_0.name,pt1_0.tenant_id from part_type pt1_0 where pt1_0.id=?
Hibernate: select pt1_0.id,pt1_0.category_id,pt1_0.description,pt1_0.name,pt1_0.tenant_id from part_type pt1_0 where pt1_0.id=?
Hibernate: select pt1_0.id,pt1_0.category_id,pt1_0.description,pt1_0.name,pt1_0.tenant_id from part_type pt1_0 where pt1_0.id=?
Hibernate: select pt1_0.id,pt1_0.category_id,pt1_0.description,pt1_0.name,pt1_0.tenant_id from part_type pt1_0 where pt1_0.id=?
Hibernate: select pc1_0.id,pc1_0.description,pc1_0.name,pc1_0.tenant_id from part_categories pc1_0 where pc1_0.id=?
Hibernate: select pt1_0.id,pt1_0.category_id,pt1_0.description,pt1_0.name,pt1_0.tenant_id from part_type pt1_0 where pt1_0.id=?
Hibernate: select t1_0.id,t1_0.active,t1_0.code,t1_0.created_at,t1_0.name,t1_0.parent_id,t1_0.updated_at from tenants t1_0 where t1_0.id=?
Hibernate: select p1_0.id,p1_0.active,p1_0.brand,p1_0.category_id,p1_0.created_at,p1_0.current_stock,p1_0.expected_lifespan_days,p1_0.category,p1_0.manual_daily_usage,p1_0.manual_reorder_point,p1_0.minimum_stock,p1_0.name,p1_0.notes,p1_0.part_type_id,p1_0.reorder_quantity,p1_0.retired,p1_0.retired_at,p1_0.retirement_reason,p1_0.tenant_id,p1_0.updated_at from parts p1_0 left join tenants t1_0 on t1_0.id=p1_0.tenant_id where p1_0.id=? and t1_0.id=?
Hibernate: select pc1_0.id,pc1_0.description,pc1_0.name,pc1_0.tenant_id from part_categories pc1_0 where pc1_0.id=?
Hibernate: select pi1_0.id from part_instances pi1_0 where pi1_0.barcode=? fetch first ? rows only
Hibernate: insert into part_instances (barcode,exhausted_at,installed_unit_part_id,landed_cost,notes,part_id,received_at,status,taken_at,taken_by,tenant_id,id) values (?,?,?,?,?,?,?,?,?,?,?,?)
Hibernate: select pi1_0.id,pi1_0.barcode,pi1_0.exhausted_at,pi1_0.installed_unit_part_id,pi1_0.landed_cost,pi1_0.notes,pi1_0.part_id,pi1_0.received_at,pi1_0.status,pi1_0.taken_at,pi1_0.taken_by,pi1_0.tenant_id from part_instances pi1_0 left join tenants t1_0 on t1_0.id=pi1_0.tenant_id where pi1_0.barcode=? and t1_0.id=?
Hibernate: select u1_0.id,u1_0.created_at,u1_0.email,u1_0.full_name,u1_0.password_hash,u1_0.role,u1_0.scope,u1_0.tenant_id,u1_0.updated_at from users u1_0 where u1_0.id=?
Hibernate: select p1_0.id,p1_0.active,p1_0.brand,p1_0.category_id,p1_0.created_at,p1_0.current_stock,p1_0.expected_lifespan_days,p1_0.category,p1_0.manual_daily_usage,p1_0.manual_reorder_point,p1_0.minimum_stock,p1_0.name,p1_0.notes,p1_0.part_type_id,p1_0.reorder_quantity,p1_0.retired,p1_0.retired_at,p1_0.retirement_reason,p1_0.tenant_id,p1_0.updated_at from parts p1_0 where p1_0.id=?
Hibernate: select pc1_0.id,pc1_0.description,pc1_0.name,pc1_0.tenant_id from part_categories pc1_0 where pc1_0.id=?
Hibernate: insert into stock_movements (after_stock,before_stock,created_at,movement_type,notes,part_id,quantity,reference_id,reference_type,tenant_id,id) values (?,?,?,?,?,?,?,?,?,?,?)
Hibernate: update part_instances set barcode=?,exhausted_at=?,installed_unit_part_id=?,landed_cost=?,notes=?,part_id=?,received_at=?,status=?,taken_at=?,taken_by=?,tenant_id=? where id=?
Hibernate: update parts set active=?,brand=?,category_id=?,created_at=?,current_stock=?,expected_lifespan_days=?,category=?,manual_daily_usage=?,manual_reorder_point=?,minimum_stock=?,name=?,notes=?,part_type_id=?,reorder_quantity=?,retired=?,retired_at=?,retirement_reason=?,tenant_id=?,updated_at=? where id=?
Hibernate: select t1_0.id,t1_0.active,t1_0.code,t1_0.created_at,t1_0.name,t1_0.parent_id,t1_0.updated_at from tenants t1_0 left join tenants p1_0 on p1_0.id=t1_0.parent_id where p1_0.id=?
Hibernate: select p1_0.id,p1_0.active,p1_0.brand,p1_0.category_id,p1_0.created_at,p1_0.current_stock,p1_0.expected_lifespan_days,p1_0.category,p1_0.manual_daily_usage,p1_0.manual_reorder_point,p1_0.minimum_stock,p1_0.name,p1_0.notes,p1_0.part_type_id,p1_0.reorder_quantity,p1_0.retired,p1_0.retired_at,p1_0.retirement_reason,p1_0.tenant_id,p1_0.updated_at from parts p1_0 where p1_0.tenant_id in (?) and p1_0.active=true
Hibernate: select pc1_0.id,pc1_0.description,pc1_0.name,pc1_0.tenant_id from part_categories pc1_0 where pc1_0.id=?
Hibernate: select pt1_0.id,pt1_0.category_id,pt1_0.description,pt1_0.name,pt1_0.tenant_id from part_type pt1_0 where pt1_0.id=?
Hibernate: select pt1_0.id,pt1_0.category_id,pt1_0.description,pt1_0.name,pt1_0.tenant_id from part_type pt1_0 where pt1_0.id=?
Hibernate: select pc1_0.id,pc1_0.description,pc1_0.name,pc1_0.tenant_id from part_categories pc1_0 where pc1_0.id=?
Hibernate: select pt1_0.id,pt1_0.category_id,pt1_0.description,pt1_0.name,pt1_0.tenant_id from part_type pt1_0 where pt1_0.id=?
Hibernate: select pt1_0.id,pt1_0.category_id,pt1_0.description,pt1_0.name,pt1_0.tenant_id from part_type pt1_0 where pt1_0.id=?
Hibernate: select pt1_0.id,pt1_0.category_id,pt1_0.description,pt1_0.name,pt1_0.tenant_id from part_type pt1_0 where pt1_0.id=?
Hibernate: select pc1_0.id,pc1_0.description,pc1_0.name,pc1_0.tenant_id from part_categories pc1_0 where pc1_0.id=?
Hibernate: select pt1_0.id,pt1_0.category_id,pt1_0.description,pt1_0.name,pt1_0.tenant_id from part_type pt1_0 where pt1_0.id=?
Hibernate: select pt1_0.id,pt1_0.category_id,pt1_0.description,pt1_0.name,pt1_0.tenant_id from part_type pt1_0 where pt1_0.id=?
Hibernate: select pt1_0.id,pt1_0.category_id,pt1_0.description,pt1_0.name,pt1_0.tenant_id from part_type pt1_0 where pt1_0.id=?
Hibernate: select pt1_0.id,pt1_0.category_id,pt1_0.description,pt1_0.name,pt1_0.tenant_id from part_type pt1_0 where pt1_0.id=?
Hibernate: select pt1_0.id,pt1_0.category_id,pt1_0.description,pt1_0.name,pt1_0.tenant_id from part_type pt1_0 where pt1_0.id=?
Hibernate: select pt1_0.id,pt1_0.category_id,pt1_0.description,pt1_0.name,pt1_0.tenant_id from part_type pt1_0 where pt1_0.id=?
Hibernate: select pt1_0.id,pt1_0.category_id,pt1_0.description,pt1_0.name,pt1_0.tenant_id from part_type pt1_0 where pt1_0.id=?
Hibernate: select pt1_0.id,pt1_0.category_id,pt1_0.description,pt1_0.name,pt1_0.tenant_id from part_type pt1_0 where pt1_0.id=?
Hibernate: select pt1_0.id,pt1_0.category_id,pt1_0.description,pt1_0.name,pt1_0.tenant_id from part_type pt1_0 where pt1_0.id=?
Hibernate: select pt1_0.id,pt1_0.category_id,pt1_0.description,pt1_0.name,pt1_0.tenant_id from part_type pt1_0 where pt1_0.id=?
Hibernate: select pt1_0.id,pt1_0.category_id,pt1_0.description,pt1_0.name,pt1_0.tenant_id from part_type pt1_0 where pt1_0.id=?
Hibernate: select pt1_0.id,pt1_0.category_id,pt1_0.description,pt1_0.name,pt1_0.tenant_id from part_type pt1_0 where pt1_0.id=?
Hibernate: select pt1_0.id,pt1_0.category_id,pt1_0.description,pt1_0.name,pt1_0.tenant_id from part_type pt1_0 where pt1_0.id=?
Hibernate: select pt1_0.id,pt1_0.category_id,pt1_0.description,pt1_0.name,pt1_0.tenant_id from part_type pt1_0 where pt1_0.id=?
Hibernate: select pc1_0.id,pc1_0.description,pc1_0.name,pc1_0.tenant_id from part_categories pc1_0 where pc1_0.id=?
Hibernate: select pt1_0.id,pt1_0.category_id,pt1_0.description,pt1_0.name,pt1_0.tenant_id from part_type pt1_0 where pt1_0.id=?
Hibernate: select u1_0.id,u1_0.created_at,u1_0.email,u1_0.full_name,u1_0.password_hash,u1_0.role,u1_0.scope,u1_0.tenant_id,u1_0.updated_at from users u1_0 where u1_0.email=?
Hibernate: select t1_0.id,t1_0.active,t1_0.code,t1_0.created_at,t1_0.name,t1_0.parent_id,t1_0.updated_at from tenants t1_0 where t1_0.code=?
Hibernate: insert into users (created_at,email,full_name,password_hash,role,scope,tenant_id,updated_at,id) values (?,?,?,?,?,?,?,?,?)
Hibernate: select t1_0.id,t1_0.active,t1_0.code,t1_0.created_at,t1_0.name,t1_0.parent_id,t1_0.updated_at from tenants t1_0 where t1_0.id=?
Hibernate: select pc1_0.id,pc1_0.description,pc1_0.name,pc1_0.tenant_id from part_categories pc1_0 left join tenants t1_0 on t1_0.id=pc1_0.tenant_id where pc1_0.id=? and t1_0.id=?
Hibernate: select pt1_0.id,pt1_0.category_id,pt1_0.description,pt1_0.name,pt1_0.tenant_id from part_type pt1_0 left join tenants t1_0 on t1_0.id=pt1_0.tenant_id where pt1_0.id=? and t1_0.id=?
Hibernate: insert into parts (active,brand,category_id,created_at,current_stock,expected_lifespan_days,category,manual_daily_usage,manual_reorder_point,minimum_stock,name,notes,part_type_id,reorder_quantity,retired,retired_at,retirement_reason,tenant_id,updated_at,id) values (?,?,?,?,?,?,?,?,?,?,?,?,?,?,?,?,?,?,?,?)
Hibernate: select p1_0.id,p1_0.active,p1_0.brand,p1_0.category_id,p1_0.created_at,p1_0.current_stock,p1_0.expected_lifespan_days,p1_0.category,p1_0.manual_daily_usage,p1_0.manual_reorder_point,p1_0.minimum_stock,p1_0.name,p1_0.notes,p1_0.part_type_id,p1_0.reorder_quantity,p1_0.retired,p1_0.retired_at,p1_0.retirement_reason,p1_0.tenant_id,p1_0.updated_at from parts p1_0 left join tenants t1_0 on t1_0.id=p1_0.tenant_id where p1_0.id=? and t1_0.id=?
Hibernate: update parts set active=?,brand=?,category_id=?,created_at=?,current_stock=?,expected_lifespan_days=?,category=?,manual_daily_usage=?,manual_reorder_point=?,minimum_stock=?,name=?,notes=?,part_type_id=?,reorder_quantity=?,retired=?,retired_at=?,retirement_reason=?,tenant_id=?,updated_at=? where id=?
Hibernate: insert into stock_movements (after_stock,before_stock,created_at,movement_type,notes,part_id,quantity,reference_id,reference_type,tenant_id,id) values (?,?,?,?,?,?,?,?,?,?,?)
Hibernate: select t1_0.id,t1_0.active,t1_0.code,t1_0.created_at,t1_0.name,t1_0.parent_id,t1_0.updated_at from tenants t1_0 where t1_0.id=?
Hibernate: select p1_0.id,p1_0.active,p1_0.brand,p1_0.category_id,p1_0.created_at,p1_0.current_stock,p1_0.expected_lifespan_days,p1_0.category,p1_0.manual_daily_usage,p1_0.manual_reorder_point,p1_0.minimum_stock,p1_0.name,p1_0.notes,p1_0.part_type_id,p1_0.reorder_quantity,p1_0.retired,p1_0.retired_at,p1_0.retirement_reason,p1_0.tenant_id,p1_0.updated_at from parts p1_0 left join tenants t1_0 on t1_0.id=p1_0.tenant_id where p1_0.id=? and t1_0.id=?
Hibernate: select pc1_0.id,pc1_0.description,pc1_0.name,pc1_0.tenant_id from part_categories pc1_0 where pc1_0.id=?
Hibernate: select pi1_0.id from part_instances pi1_0 where pi1_0.barcode=? fetch first ? rows only
Hibernate: insert into part_instances (barcode,exhausted_at,installed_unit_part_id,landed_cost,notes,part_id,received_at,status,taken_at,taken_by,tenant_id,id) values (?,?,?,?,?,?,?,?,?,?,?,?)
Hibernate: select pi1_0.id,pi1_0.barcode,pi1_0.exhausted_at,pi1_0.installed_unit_part_id,pi1_0.landed_cost,pi1_0.notes,pi1_0.part_id,pi1_0.received_at,pi1_0.status,pi1_0.taken_at,pi1_0.taken_by,pi1_0.tenant_id from part_instances pi1_0 left join tenants t1_0 on t1_0.id=pi1_0.tenant_id where pi1_0.barcode=? and t1_0.id=?
Hibernate: select u1_0.id,u1_0.created_at,u1_0.email,u1_0.full_name,u1_0.password_hash,u1_0.role,u1_0.scope,u1_0.tenant_id,u1_0.updated_at from users u1_0 where u1_0.id=?
Hibernate: select p1_0.id,p1_0.active,p1_0.brand,p1_0.category_id,p1_0.created_at,p1_0.current_stock,p1_0.expected_lifespan_days,p1_0.category,p1_0.manual_daily_usage,p1_0.manual_reorder_point,p1_0.minimum_stock,p1_0.name,p1_0.notes,p1_0.part_type_id,p1_0.reorder_quantity,p1_0.retired,p1_0.retired_at,p1_0.retirement_reason,p1_0.tenant_id,p1_0.updated_at from parts p1_0 where p1_0.id=?
Hibernate: select pc1_0.id,pc1_0.description,pc1_0.name,pc1_0.tenant_id from part_categories pc1_0 where pc1_0.id=?
Hibernate: insert into stock_movements (after_stock,before_stock,created_at,movement_type,notes,part_id,quantity,reference_id,reference_type,tenant_id,id) values (?,?,?,?,?,?,?,?,?,?,?)
Hibernate: update part_instances set barcode=?,exhausted_at=?,installed_unit_part_id=?,landed_cost=?,notes=?,part_id=?,received_at=?,status=?,taken_at=?,taken_by=?,tenant_id=? where id=?
Hibernate: update parts set active=?,brand=?,category_id=?,created_at=?,current_stock=?,expected_lifespan_days=?,category=?,manual_daily_usage=?,manual_reorder_point=?,minimum_stock=?,name=?,notes=?,part_type_id=?,reorder_quantity=?,retired=?,retired_at=?,retirement_reason=?,tenant_id=?,updated_at=? where id=?
Hibernate: select t1_0.id,t1_0.active,t1_0.code,t1_0.created_at,t1_0.name,t1_0.parent_id,t1_0.updated_at from tenants t1_0 where t1_0.id=?
Hibernate: select p1_0.id,p1_0.active,p1_0.brand,p1_0.category_id,p1_0.created_at,p1_0.current_stock,p1_0.expected_lifespan_days,p1_0.category,p1_0.manual_daily_usage,p1_0.manual_reorder_point,p1_0.minimum_stock,p1_0.name,p1_0.notes,p1_0.part_type_id,p1_0.reorder_quantity,p1_0.retired,p1_0.retired_at,p1_0.retirement_reason,p1_0.tenant_id,p1_0.updated_at from parts p1_0 left join tenants t1_0 on t1_0.id=p1_0.tenant_id where p1_0.id=? and t1_0.id=?
Hibernate: select pc1_0.id,pc1_0.description,pc1_0.name,pc1_0.tenant_id from part_categories pc1_0 where pc1_0.id=?
Hibernate: select pi1_0.id from part_instances pi1_0 where pi1_0.barcode=? fetch first ? rows only
Hibernate: insert into part_instances (barcode,exhausted_at,installed_unit_part_id,landed_cost,notes,part_id,received_at,status,taken_at,taken_by,tenant_id,id) values (?,?,?,?,?,?,?,?,?,?,?,?)
Hibernate: select pi1_0.id,pi1_0.barcode,pi1_0.exhausted_at,pi1_0.installed_unit_part_id,pi1_0.landed_cost,pi1_0.notes,pi1_0.part_id,pi1_0.received_at,pi1_0.status,pi1_0.taken_at,pi1_0.taken_by,pi1_0.tenant_id from part_instances pi1_0 left join tenants t1_0 on t1_0.id=pi1_0.tenant_id where pi1_0.barcode=? and t1_0.id=?
Hibernate: select u1_0.id,u1_0.created_at,u1_0.email,u1_0.full_name,u1_0.password_hash,u1_0.role,u1_0.scope,u1_0.tenant_id,u1_0.updated_at from users u1_0 where u1_0.id=?
Hibernate: select p1_0.id,p1_0.active,p1_0.brand,p1_0.category_id,p1_0.created_at,p1_0.current_stock,p1_0.expected_lifespan_days,p1_0.category,p1_0.manual_daily_usage,p1_0.manual_reorder_point,p1_0.minimum_stock,p1_0.name,p1_0.notes,p1_0.part_type_id,p1_0.reorder_quantity,p1_0.retired,p1_0.retired_at,p1_0.retirement_reason,p1_0.tenant_id,p1_0.updated_at from parts p1_0 where p1_0.id=?
Hibernate: select pc1_0.id,pc1_0.description,pc1_0.name,pc1_0.tenant_id from part_categories pc1_0 where pc1_0.id=?
Hibernate: insert into stock_movements (after_stock,before_stock,created_at,movement_type,notes,part_id,quantity,reference_id,reference_type,tenant_id,id) values (?,?,?,?,?,?,?,?,?,?,?)
Hibernate: update part_instances set barcode=?,exhausted_at=?,installed_unit_part_id=?,landed_cost=?,notes=?,part_id=?,received_at=?,status=?,taken_at=?,taken_by=?,tenant_id=? where id=?
Hibernate: update parts set active=?,brand=?,category_id=?,created_at=?,current_stock=?,expected_lifespan_days=?,category=?,manual_daily_usage=?,manual_reorder_point=?,minimum_stock=?,name=?,notes=?,part_type_id=?,reorder_quantity=?,retired=?,retired_at=?,retirement_reason=?,tenant_id=?,updated_at=? where id=?
Hibernate: select t1_0.id,t1_0.active,t1_0.code,t1_0.created_at,t1_0.name,t1_0.parent_id,t1_0.updated_at from tenants t1_0 where t1_0.id=?
Hibernate: select p1_0.id,p1_0.active,p1_0.brand,p1_0.category_id,p1_0.created_at,p1_0.current_stock,p1_0.expected_lifespan_days,p1_0.category,p1_0.manual_daily_usage,p1_0.manual_reorder_point,p1_0.minimum_stock,p1_0.name,p1_0.notes,p1_0.part_type_id,p1_0.reorder_quantity,p1_0.retired,p1_0.retired_at,p1_0.retirement_reason,p1_0.tenant_id,p1_0.updated_at from parts p1_0 left join tenants t1_0 on t1_0.id=p1_0.tenant_id where p1_0.id=? and t1_0.id=?
Hibernate: select pc1_0.id,pc1_0.description,pc1_0.name,pc1_0.tenant_id from part_categories pc1_0 where pc1_0.id=?
Hibernate: select pi1_0.id from part_instances pi1_0 where pi1_0.barcode=? fetch first ? rows only
Hibernate: insert into part_instances (barcode,exhausted_at,installed_unit_part_id,landed_cost,notes,part_id,received_at,status,taken_at,taken_by,tenant_id,id) values (?,?,?,?,?,?,?,?,?,?,?,?)
Hibernate: select pi1_0.id,pi1_0.barcode,pi1_0.exhausted_at,pi1_0.installed_unit_part_id,pi1_0.landed_cost,pi1_0.notes,pi1_0.part_id,pi1_0.received_at,pi1_0.status,pi1_0.taken_at,pi1_0.taken_by,pi1_0.tenant_id from part_instances pi1_0 left join tenants t1_0 on t1_0.id=pi1_0.tenant_id where pi1_0.barcode=? and t1_0.id=?
Hibernate: select u1_0.id,u1_0.created_at,u1_0.email,u1_0.full_name,u1_0.password_hash,u1_0.role,u1_0.scope,u1_0.tenant_id,u1_0.updated_at from users u1_0 where u1_0.id=?
Hibernate: select p1_0.id,p1_0.active,p1_0.brand,p1_0.category_id,p1_0.created_at,p1_0.current_stock,p1_0.expected_lifespan_days,p1_0.category,p1_0.manual_daily_usage,p1_0.manual_reorder_point,p1_0.minimum_stock,p1_0.name,p1_0.notes,p1_0.part_type_id,p1_0.reorder_quantity,p1_0.retired,p1_0.retired_at,p1_0.retirement_reason,p1_0.tenant_id,p1_0.updated_at from parts p1_0 where p1_0.id=?
Hibernate: select pc1_0.id,pc1_0.description,pc1_0.name,pc1_0.tenant_id from part_categories pc1_0 where pc1_0.id=?
Hibernate: insert into stock_movements (after_stock,before_stock,created_at,movement_type,notes,part_id,quantity,reference_id,reference_type,tenant_id,id) values (?,?,?,?,?,?,?,?,?,?,?)
Hibernate: update part_instances set barcode=?,exhausted_at=?,installed_unit_part_id=?,landed_cost=?,notes=?,part_id=?,received_at=?,status=?,taken_at=?,taken_by=?,tenant_id=? where id=?
Hibernate: update parts set active=?,brand=?,category_id=?,created_at=?,current_stock=?,expected_lifespan_days=?,category=?,manual_daily_usage=?,manual_reorder_point=?,minimum_stock=?,name=?,notes=?,part_type_id=?,reorder_quantity=?,retired=?,retired_at=?,retirement_reason=?,tenant_id=?,updated_at=? where id=?
Hibernate: select t1_0.id,t1_0.active,t1_0.code,t1_0.created_at,t1_0.name,t1_0.parent_id,t1_0.updated_at from tenants t1_0 where t1_0.id=?
Hibernate: select p1_0.id,p1_0.active,p1_0.brand,p1_0.category_id,p1_0.created_at,p1_0.current_stock,p1_0.expected_lifespan_days,p1_0.category,p1_0.manual_daily_usage,p1_0.manual_reorder_point,p1_0.minimum_stock,p1_0.name,p1_0.notes,p1_0.part_type_id,p1_0.reorder_quantity,p1_0.retired,p1_0.retired_at,p1_0.retirement_reason,p1_0.tenant_id,p1_0.updated_at from parts p1_0 left join tenants t1_0 on t1_0.id=p1_0.tenant_id where p1_0.id=? and t1_0.id=?
Hibernate: select pc1_0.id,pc1_0.description,pc1_0.name,pc1_0.tenant_id from part_categories pc1_0 where pc1_0.id=?
Hibernate: select pi1_0.id from part_instances pi1_0 where pi1_0.barcode=? fetch first ? rows only
Hibernate: insert into part_instances (barcode,exhausted_at,installed_unit_part_id,landed_cost,notes,part_id,received_at,status,taken_at,taken_by,tenant_id,id) values (?,?,?,?,?,?,?,?,?,?,?,?)
Hibernate: select pi1_0.id,pi1_0.barcode,pi1_0.exhausted_at,pi1_0.installed_unit_part_id,pi1_0.landed_cost,pi1_0.notes,pi1_0.part_id,pi1_0.received_at,pi1_0.status,pi1_0.taken_at,pi1_0.taken_by,pi1_0.tenant_id from part_instances pi1_0 left join tenants t1_0 on t1_0.id=pi1_0.tenant_id where pi1_0.barcode=? and t1_0.id=?
Hibernate: select u1_0.id,u1_0.created_at,u1_0.email,u1_0.full_name,u1_0.password_hash,u1_0.role,u1_0.scope,u1_0.tenant_id,u1_0.updated_at from users u1_0 where u1_0.id=?
Hibernate: select p1_0.id,p1_0.active,p1_0.brand,p1_0.category_id,p1_0.created_at,p1_0.current_stock,p1_0.expected_lifespan_days,p1_0.category,p1_0.manual_daily_usage,p1_0.manual_reorder_point,p1_0.minimum_stock,p1_0.name,p1_0.notes,p1_0.part_type_id,p1_0.reorder_quantity,p1_0.retired,p1_0.retired_at,p1_0.retirement_reason,p1_0.tenant_id,p1_0.updated_at from parts p1_0 where p1_0.id=?
Hibernate: select pc1_0.id,pc1_0.description,pc1_0.name,pc1_0.tenant_id from part_categories pc1_0 where pc1_0.id=?
Hibernate: insert into stock_movements (after_stock,before_stock,created_at,movement_type,notes,part_id,quantity,reference_id,reference_type,tenant_id,id) values (?,?,?,?,?,?,?,?,?,?,?)
Hibernate: update part_instances set barcode=?,exhausted_at=?,installed_unit_part_id=?,landed_cost=?,notes=?,part_id=?,received_at=?,status=?,taken_at=?,taken_by=?,tenant_id=? where id=?
Hibernate: update parts set active=?,brand=?,category_id=?,created_at=?,current_stock=?,expected_lifespan_days=?,category=?,manual_daily_usage=?,manual_reorder_point=?,minimum_stock=?,name=?,notes=?,part_type_id=?,reorder_quantity=?,retired=?,retired_at=?,retirement_reason=?,tenant_id=?,updated_at=? where id=?
Hibernate: select t1_0.id,t1_0.active,t1_0.code,t1_0.created_at,t1_0.name,t1_0.parent_id,t1_0.updated_at from tenants t1_0 where t1_0.id=?
Hibernate: select p1_0.id,p1_0.active,p1_0.brand,p1_0.category_id,p1_0.created_at,p1_0.current_stock,p1_0.expected_lifespan_days,p1_0.category,p1_0.manual_daily_usage,p1_0.manual_reorder_point,p1_0.minimum_stock,p1_0.name,p1_0.notes,p1_0.part_type_id,p1_0.reorder_quantity,p1_0.retired,p1_0.retired_at,p1_0.retirement_reason,p1_0.tenant_id,p1_0.updated_at from parts p1_0 left join tenants t1_0 on t1_0.id=p1_0.tenant_id where p1_0.id=? and t1_0.id=?
Hibernate: select pc1_0.id,pc1_0.description,pc1_0.name,pc1_0.tenant_id from part_categories pc1_0 where pc1_0.id=?
Hibernate: select pi1_0.id from part_instances pi1_0 where pi1_0.barcode=? fetch first ? rows only
Hibernate: insert into part_instances (barcode,exhausted_at,installed_unit_part_id,landed_cost,notes,part_id,received_at,status,taken_at,taken_by,tenant_id,id) values (?,?,?,?,?,?,?,?,?,?,?,?)
Hibernate: select pi1_0.id,pi1_0.barcode,pi1_0.exhausted_at,pi1_0.installed_unit_part_id,pi1_0.landed_cost,pi1_0.notes,pi1_0.part_id,pi1_0.received_at,pi1_0.status,pi1_0.taken_at,pi1_0.taken_by,pi1_0.tenant_id from part_instances pi1_0 left join tenants t1_0 on t1_0.id=pi1_0.tenant_id where pi1_0.barcode=? and t1_0.id=?
Hibernate: select u1_0.id,u1_0.created_at,u1_0.email,u1_0.full_name,u1_0.password_hash,u1_0.role,u1_0.scope,u1_0.tenant_id,u1_0.updated_at from users u1_0 where u1_0.id=?
Hibernate: select p1_0.id,p1_0.active,p1_0.brand,p1_0.category_id,p1_0.created_at,p1_0.current_stock,p1_0.expected_lifespan_days,p1_0.category,p1_0.manual_daily_usage,p1_0.manual_reorder_point,p1_0.minimum_stock,p1_0.name,p1_0.notes,p1_0.part_type_id,p1_0.reorder_quantity,p1_0.retired,p1_0.retired_at,p1_0.retirement_reason,p1_0.tenant_id,p1_0.updated_at from parts p1_0 where p1_0.id=?
Hibernate: select pc1_0.id,pc1_0.description,pc1_0.name,pc1_0.tenant_id from part_categories pc1_0 where pc1_0.id=?
Hibernate: insert into stock_movements (after_stock,before_stock,created_at,movement_type,notes,part_id,quantity,reference_id,reference_type,tenant_id,id) values (?,?,?,?,?,?,?,?,?,?,?)
Hibernate: update part_instances set barcode=?,exhausted_at=?,installed_unit_part_id=?,landed_cost=?,notes=?,part_id=?,received_at=?,status=?,taken_at=?,taken_by=?,tenant_id=? where id=?
Hibernate: update parts set active=?,brand=?,category_id=?,created_at=?,current_stock=?,expected_lifespan_days=?,category=?,manual_daily_usage=?,manual_reorder_point=?,minimum_stock=?,name=?,notes=?,part_type_id=?,reorder_quantity=?,retired=?,retired_at=?,retirement_reason=?,tenant_id=?,updated_at=? where id=?
Hibernate: select t1_0.id,t1_0.active,t1_0.code,t1_0.created_at,t1_0.name,t1_0.parent_id,t1_0.updated_at from tenants t1_0 where t1_0.id=?
Hibernate: select p1_0.id,p1_0.active,p1_0.brand,p1_0.category_id,p1_0.created_at,p1_0.current_stock,p1_0.expected_lifespan_days,p1_0.category,p1_0.manual_daily_usage,p1_0.manual_reorder_point,p1_0.minimum_stock,p1_0.name,p1_0.notes,p1_0.part_type_id,p1_0.reorder_quantity,p1_0.retired,p1_0.retired_at,p1_0.retirement_reason,p1_0.tenant_id,p1_0.updated_at from parts p1_0 left join tenants t1_0 on t1_0.id=p1_0.tenant_id where p1_0.id=? and t1_0.id=?
Hibernate: select pc1_0.id,pc1_0.description,pc1_0.name,pc1_0.tenant_id from part_categories pc1_0 where pc1_0.id=?
Hibernate: select pi1_0.id from part_instances pi1_0 where pi1_0.barcode=? fetch first ? rows only
Hibernate: insert into part_instances (barcode,exhausted_at,installed_unit_part_id,landed_cost,notes,part_id,received_at,status,taken_at,taken_by,tenant_id,id) values (?,?,?,?,?,?,?,?,?,?,?,?)
Hibernate: select pi1_0.id,pi1_0.barcode,pi1_0.exhausted_at,pi1_0.installed_unit_part_id,pi1_0.landed_cost,pi1_0.notes,pi1_0.part_id,pi1_0.received_at,pi1_0.status,pi1_0.taken_at,pi1_0.taken_by,pi1_0.tenant_id from part_instances pi1_0 left join tenants t1_0 on t1_0.id=pi1_0.tenant_id where pi1_0.barcode=? and t1_0.id=?
Hibernate: select u1_0.id,u1_0.created_at,u1_0.email,u1_0.full_name,u1_0.password_hash,u1_0.role,u1_0.scope,u1_0.tenant_id,u1_0.updated_at from users u1_0 where u1_0.id=?
Hibernate: select p1_0.id,p1_0.active,p1_0.brand,p1_0.category_id,p1_0.created_at,p1_0.current_stock,p1_0.expected_lifespan_days,p1_0.category,p1_0.manual_daily_usage,p1_0.manual_reorder_point,p1_0.minimum_stock,p1_0.name,p1_0.notes,p1_0.part_type_id,p1_0.reorder_quantity,p1_0.retired,p1_0.retired_at,p1_0.retirement_reason,p1_0.tenant_id,p1_0.updated_at from parts p1_0 where p1_0.id=?
Hibernate: select pc1_0.id,pc1_0.description,pc1_0.name,pc1_0.tenant_id from part_categories pc1_0 where pc1_0.id=?
Hibernate: insert into stock_movements (after_stock,before_stock,created_at,movement_type,notes,part_id,quantity,reference_id,reference_type,tenant_id,id) values (?,?,?,?,?,?,?,?,?,?,?)
Hibernate: update part_instances set barcode=?,exhausted_at=?,installed_unit_part_id=?,landed_cost=?,notes=?,part_id=?,received_at=?,status=?,taken_at=?,taken_by=?,tenant_id=? where id=?
Hibernate: update parts set active=?,brand=?,category_id=?,created_at=?,current_stock=?,expected_lifespan_days=?,category=?,manual_daily_usage=?,manual_reorder_point=?,minimum_stock=?,name=?,notes=?,part_type_id=?,reorder_quantity=?,retired=?,retired_at=?,retirement_reason=?,tenant_id=?,updated_at=? where id=?
Hibernate: select t1_0.id,t1_0.active,t1_0.code,t1_0.created_at,t1_0.name,t1_0.parent_id,t1_0.updated_at from tenants t1_0 where t1_0.id=?
Hibernate: select p1_0.id,p1_0.active,p1_0.brand,p1_0.category_id,p1_0.created_at,p1_0.current_stock,p1_0.expected_lifespan_days,p1_0.category,p1_0.manual_daily_usage,p1_0.manual_reorder_point,p1_0.minimum_stock,p1_0.name,p1_0.notes,p1_0.part_type_id,p1_0.reorder_quantity,p1_0.retired,p1_0.retired_at,p1_0.retirement_reason,p1_0.tenant_id,p1_0.updated_at from parts p1_0 left join tenants t1_0 on t1_0.id=p1_0.tenant_id where p1_0.id=? and t1_0.id=?
Hibernate: select pc1_0.id,pc1_0.description,pc1_0.name,pc1_0.tenant_id from part_categories pc1_0 where pc1_0.id=?
Hibernate: select pi1_0.id from part_instances pi1_0 where pi1_0.barcode=? fetch first ? rows only
Hibernate: insert into part_instances (barcode,exhausted_at,installed_unit_part_id,landed_cost,notes,part_id,received_at,status,taken_at,taken_by,tenant_id,id) values (?,?,?,?,?,?,?,?,?,?,?,?)
Hibernate: select pi1_0.id,pi1_0.barcode,pi1_0.exhausted_at,pi1_0.installed_unit_part_id,pi1_0.landed_cost,pi1_0.notes,pi1_0.part_id,pi1_0.received_at,pi1_0.status,pi1_0.taken_at,pi1_0.taken_by,pi1_0.tenant_id from part_instances pi1_0 left join tenants t1_0 on t1_0.id=pi1_0.tenant_id where pi1_0.barcode=? and t1_0.id=?
Hibernate: select u1_0.id,u1_0.created_at,u1_0.email,u1_0.full_name,u1_0.password_hash,u1_0.role,u1_0.scope,u1_0.tenant_id,u1_0.updated_at from users u1_0 where u1_0.id=?
Hibernate: select p1_0.id,p1_0.active,p1_0.brand,p1_0.category_id,p1_0.created_at,p1_0.current_stock,p1_0.expected_lifespan_days,p1_0.category,p1_0.manual_daily_usage,p1_0.manual_reorder_point,p1_0.minimum_stock,p1_0.name,p1_0.notes,p1_0.part_type_id,p1_0.reorder_quantity,p1_0.retired,p1_0.retired_at,p1_0.retirement_reason,p1_0.tenant_id,p1_0.updated_at from parts p1_0 where p1_0.id=?
Hibernate: select pc1_0.id,pc1_0.description,pc1_0.name,pc1_0.tenant_id from part_categories pc1_0 where pc1_0.id=?
Hibernate: insert into stock_movements (after_stock,before_stock,created_at,movement_type,notes,part_id,quantity,reference_id,reference_type,tenant_id,id) values (?,?,?,?,?,?,?,?,?,?,?)
Hibernate: update part_instances set barcode=?,exhausted_at=?,installed_unit_part_id=?,landed_cost=?,notes=?,part_id=?,received_at=?,status=?,taken_at=?,taken_by=?,tenant_id=? where id=?
Hibernate: update parts set active=?,brand=?,category_id=?,created_at=?,current_stock=?,expected_lifespan_days=?,category=?,manual_daily_usage=?,manual_reorder_point=?,minimum_stock=?,name=?,notes=?,part_type_id=?,reorder_quantity=?,retired=?,retired_at=?,retirement_reason=?,tenant_id=?,updated_at=? where id=?
Hibernate: select t1_0.id,t1_0.active,t1_0.code,t1_0.created_at,t1_0.name,t1_0.parent_id,t1_0.updated_at from tenants t1_0 where t1_0.id=?
Hibernate: select p1_0.id,p1_0.active,p1_0.brand,p1_0.category_id,p1_0.created_at,p1_0.current_stock,p1_0.expected_lifespan_days,p1_0.category,p1_0.manual_daily_usage,p1_0.manual_reorder_point,p1_0.minimum_stock,p1_0.name,p1_0.notes,p1_0.part_type_id,p1_0.reorder_quantity,p1_0.retired,p1_0.retired_at,p1_0.retirement_reason,p1_0.tenant_id,p1_0.updated_at from parts p1_0 left join tenants t1_0 on t1_0.id=p1_0.tenant_id where p1_0.id=? and t1_0.id=?
Hibernate: select pc1_0.id,pc1_0.description,pc1_0.name,pc1_0.tenant_id from part_categories pc1_0 where pc1_0.id=?
Hibernate: select pi1_0.id from part_instances pi1_0 where pi1_0.barcode=? fetch first ? rows only
Hibernate: insert into part_instances (barcode,exhausted_at,installed_unit_part_id,landed_cost,notes,part_id,received_at,status,taken_at,taken_by,tenant_id,id) values (?,?,?,?,?,?,?,?,?,?,?,?)
Hibernate: select pi1_0.id,pi1_0.barcode,pi1_0.exhausted_at,pi1_0.installed_unit_part_id,pi1_0.landed_cost,pi1_0.notes,pi1_0.part_id,pi1_0.received_at,pi1_0.status,pi1_0.taken_at,pi1_0.taken_by,pi1_0.tenant_id from part_instances pi1_0 left join tenants t1_0 on t1_0.id=pi1_0.tenant_id where pi1_0.barcode=? and t1_0.id=?
Hibernate: select u1_0.id,u1_0.created_at,u1_0.email,u1_0.full_name,u1_0.password_hash,u1_0.role,u1_0.scope,u1_0.tenant_id,u1_0.updated_at from users u1_0 where u1_0.id=?
Hibernate: select p1_0.id,p1_0.active,p1_0.brand,p1_0.category_id,p1_0.created_at,p1_0.current_stock,p1_0.expected_lifespan_days,p1_0.category,p1_0.manual_daily_usage,p1_0.manual_reorder_point,p1_0.minimum_stock,p1_0.name,p1_0.notes,p1_0.part_type_id,p1_0.reorder_quantity,p1_0.retired,p1_0.retired_at,p1_0.retirement_reason,p1_0.tenant_id,p1_0.updated_at from parts p1_0 where p1_0.id=?
Hibernate: select pc1_0.id,pc1_0.description,pc1_0.name,pc1_0.tenant_id from part_categories pc1_0 where pc1_0.id=?
Hibernate: insert into stock_movements (after_stock,before_stock,created_at,movement_type,notes,part_id,quantity,reference_id,reference_type,tenant_id,id) values (?,?,?,?,?,?,?,?,?,?,?)
Hibernate: update part_instances set barcode=?,exhausted_at=?,installed_unit_part_id=?,landed_cost=?,notes=?,part_id=?,received_at=?,status=?,taken_at=?,taken_by=?,tenant_id=? where id=?
Hibernate: update parts set active=?,brand=?,category_id=?,created_at=?,current_stock=?,expected_lifespan_days=?,category=?,manual_daily_usage=?,manual_reorder_point=?,minimum_stock=?,name=?,notes=?,part_type_id=?,reorder_quantity=?,retired=?,retired_at=?,retirement_reason=?,tenant_id=?,updated_at=? where id=?
Hibernate: select t1_0.id,t1_0.active,t1_0.code,t1_0.created_at,t1_0.name,t1_0.parent_id,t1_0.updated_at from tenants t1_0 where t1_0.id=?
Hibernate: select p1_0.id,p1_0.active,p1_0.brand,p1_0.category_id,p1_0.created_at,p1_0.current_stock,p1_0.expected_lifespan_days,p1_0.category,p1_0.manual_daily_usage,p1_0.manual_reorder_point,p1_0.minimum_stock,p1_0.name,p1_0.notes,p1_0.part_type_id,p1_0.reorder_quantity,p1_0.retired,p1_0.retired_at,p1_0.retirement_reason,p1_0.tenant_id,p1_0.updated_at from parts p1_0 left join tenants t1_0 on t1_0.id=p1_0.tenant_id where p1_0.id=? and t1_0.id=?
Hibernate: select pc1_0.id,pc1_0.description,pc1_0.name,pc1_0.tenant_id from part_categories pc1_0 where pc1_0.id=?
Hibernate: select pi1_0.id from part_instances pi1_0 where pi1_0.barcode=? fetch first ? rows only
Hibernate: insert into part_instances (barcode,exhausted_at,installed_unit_part_id,landed_cost,notes,part_id,received_at,status,taken_at,taken_by,tenant_id,id) values (?,?,?,?,?,?,?,?,?,?,?,?)
Hibernate: select pi1_0.id,pi1_0.barcode,pi1_0.exhausted_at,pi1_0.installed_unit_part_id,pi1_0.landed_cost,pi1_0.notes,pi1_0.part_id,pi1_0.received_at,pi1_0.status,pi1_0.taken_at,pi1_0.taken_by,pi1_0.tenant_id from part_instances pi1_0 left join tenants t1_0 on t1_0.id=pi1_0.tenant_id where pi1_0.barcode=? and t1_0.id=?
Hibernate: select u1_0.id,u1_0.created_at,u1_0.email,u1_0.full_name,u1_0.password_hash,u1_0.role,u1_0.scope,u1_0.tenant_id,u1_0.updated_at from users u1_0 where u1_0.id=?
Hibernate: select p1_0.id,p1_0.active,p1_0.brand,p1_0.category_id,p1_0.created_at,p1_0.current_stock,p1_0.expected_lifespan_days,p1_0.category,p1_0.manual_daily_usage,p1_0.manual_reorder_point,p1_0.minimum_stock,p1_0.name,p1_0.notes,p1_0.part_type_id,p1_0.reorder_quantity,p1_0.retired,p1_0.retired_at,p1_0.retirement_reason,p1_0.tenant_id,p1_0.updated_at from parts p1_0 where p1_0.id=?
Hibernate: select pc1_0.id,pc1_0.description,pc1_0.name,pc1_0.tenant_id from part_categories pc1_0 where pc1_0.id=?
Hibernate: insert into stock_movements (after_stock,before_stock,created_at,movement_type,notes,part_id,quantity,reference_id,reference_type,tenant_id,id) values (?,?,?,?,?,?,?,?,?,?,?)
Hibernate: update part_instances set barcode=?,exhausted_at=?,installed_unit_part_id=?,landed_cost=?,notes=?,part_id=?,received_at=?,status=?,taken_at=?,taken_by=?,tenant_id=? where id=?
Hibernate: update parts set active=?,brand=?,category_id=?,created_at=?,current_stock=?,expected_lifespan_days=?,category=?,manual_daily_usage=?,manual_reorder_point=?,minimum_stock=?,name=?,notes=?,part_type_id=?,reorder_quantity=?,retired=?,retired_at=?,retirement_reason=?,tenant_id=?,updated_at=? where id=?
Hibernate: select t1_0.id,t1_0.active,t1_0.code,t1_0.created_at,t1_0.name,t1_0.parent_id,t1_0.updated_at from tenants t1_0 where t1_0.id=?
Hibernate: select p1_0.id,p1_0.active,p1_0.brand,p1_0.category_id,p1_0.created_at,p1_0.current_stock,p1_0.expected_lifespan_days,p1_0.category,p1_0.manual_daily_usage,p1_0.manual_reorder_point,p1_0.minimum_stock,p1_0.name,p1_0.notes,p1_0.part_type_id,p1_0.reorder_quantity,p1_0.retired,p1_0.retired_at,p1_0.retirement_reason,p1_0.tenant_id,p1_0.updated_at from parts p1_0 left join tenants t1_0 on t1_0.id=p1_0.tenant_id where p1_0.id=? and t1_0.id=?
Hibernate: select pc1_0.id,pc1_0.description,pc1_0.name,pc1_0.tenant_id from part_categories pc1_0 where pc1_0.id=?
Hibernate: select pi1_0.id from part_instances pi1_0 where pi1_0.barcode=? fetch first ? rows only
Hibernate: insert into part_instances (barcode,exhausted_at,installed_unit_part_id,landed_cost,notes,part_id,received_at,status,taken_at,taken_by,tenant_id,id) values (?,?,?,?,?,?,?,?,?,?,?,?)
Hibernate: select pi1_0.id,pi1_0.barcode,pi1_0.exhausted_at,pi1_0.installed_unit_part_id,pi1_0.landed_cost,pi1_0.notes,pi1_0.part_id,pi1_0.received_at,pi1_0.status,pi1_0.taken_at,pi1_0.taken_by,pi1_0.tenant_id from part_instances pi1_0 left join tenants t1_0 on t1_0.id=pi1_0.tenant_id where pi1_0.barcode=? and t1_0.id=?
Hibernate: select u1_0.id,u1_0.created_at,u1_0.email,u1_0.full_name,u1_0.password_hash,u1_0.role,u1_0.scope,u1_0.tenant_id,u1_0.updated_at from users u1_0 where u1_0.id=?
Hibernate: select p1_0.id,p1_0.active,p1_0.brand,p1_0.category_id,p1_0.created_at,p1_0.current_stock,p1_0.expected_lifespan_days,p1_0.category,p1_0.manual_daily_usage,p1_0.manual_reorder_point,p1_0.minimum_stock,p1_0.name,p1_0.notes,p1_0.part_type_id,p1_0.reorder_quantity,p1_0.retired,p1_0.retired_at,p1_0.retirement_reason,p1_0.tenant_id,p1_0.updated_at from parts p1_0 where p1_0.id=?
Hibernate: select pc1_0.id,pc1_0.description,pc1_0.name,pc1_0.tenant_id from part_categories pc1_0 where pc1_0.id=?
Hibernate: insert into stock_movements (after_stock,before_stock,created_at,movement_type,notes,part_id,quantity,reference_id,reference_type,tenant_id,id) values (?,?,?,?,?,?,?,?,?,?,?)
Hibernate: update part_instances set barcode=?,exhausted_at=?,installed_unit_part_id=?,landed_cost=?,notes=?,part_id=?,received_at=?,status=?,taken_at=?,taken_by=?,tenant_id=? where id=?
Hibernate: update parts set active=?,brand=?,category_id=?,created_at=?,current_stock=?,expected_lifespan_days=?,category=?,manual_daily_usage=?,manual_reorder_point=?,minimum_stock=?,name=?,notes=?,part_type_id=?,reorder_quantity=?,retired=?,retired_at=?,retirement_reason=?,tenant_id=?,updated_at=? where id=?
Hibernate: select t1_0.id,t1_0.active,t1_0.code,t1_0.created_at,t1_0.name,t1_0.parent_id,t1_0.updated_at from tenants t1_0 where t1_0.id=?
Hibernate: select p1_0.id,p1_0.active,p1_0.brand,p1_0.category_id,p1_0.created_at,p1_0.current_stock,p1_0.expected_lifespan_days,p1_0.category,p1_0.manual_daily_usage,p1_0.manual_reorder_point,p1_0.minimum_stock,p1_0.name,p1_0.notes,p1_0.part_type_id,p1_0.reorder_quantity,p1_0.retired,p1_0.retired_at,p1_0.retirement_reason,p1_0.tenant_id,p1_0.updated_at from parts p1_0 left join tenants t1_0 on t1_0.id=p1_0.tenant_id where p1_0.id=? and t1_0.id=?
Hibernate: select pc1_0.id,pc1_0.description,pc1_0.name,pc1_0.tenant_id from part_categories pc1_0 where pc1_0.id=?
Hibernate: select pi1_0.id from part_instances pi1_0 where pi1_0.barcode=? fetch first ? rows only
Hibernate: insert into part_instances (barcode,exhausted_at,installed_unit_part_id,landed_cost,notes,part_id,received_at,status,taken_at,taken_by,tenant_id,id) values (?,?,?,?,?,?,?,?,?,?,?,?)
Hibernate: select pi1_0.id,pi1_0.barcode,pi1_0.exhausted_at,pi1_0.installed_unit_part_id,pi1_0.landed_cost,pi1_0.notes,pi1_0.part_id,pi1_0.received_at,pi1_0.status,pi1_0.taken_at,pi1_0.taken_by,pi1_0.tenant_id from part_instances pi1_0 left join tenants t1_0 on t1_0.id=pi1_0.tenant_id where pi1_0.barcode=? and t1_0.id=?
Hibernate: select u1_0.id,u1_0.created_at,u1_0.email,u1_0.full_name,u1_0.password_hash,u1_0.role,u1_0.scope,u1_0.tenant_id,u1_0.updated_at from users u1_0 where u1_0.id=?
Hibernate: select p1_0.id,p1_0.active,p1_0.brand,p1_0.category_id,p1_0.created_at,p1_0.current_stock,p1_0.expected_lifespan_days,p1_0.category,p1_0.manual_daily_usage,p1_0.manual_reorder_point,p1_0.minimum_stock,p1_0.name,p1_0.notes,p1_0.part_type_id,p1_0.reorder_quantity,p1_0.retired,p1_0.retired_at,p1_0.retirement_reason,p1_0.tenant_id,p1_0.updated_at from parts p1_0 where p1_0.id=?
Hibernate: select pc1_0.id,pc1_0.description,pc1_0.name,pc1_0.tenant_id from part_categories pc1_0 where pc1_0.id=?
Hibernate: insert into stock_movements (after_stock,before_stock,created_at,movement_type,notes,part_id,quantity,reference_id,reference_type,tenant_id,id) values (?,?,?,?,?,?,?,?,?,?,?)
Hibernate: update part_instances set barcode=?,exhausted_at=?,installed_unit_part_id=?,landed_cost=?,notes=?,part_id=?,received_at=?,status=?,taken_at=?,taken_by=?,tenant_id=? where id=?
Hibernate: update parts set active=?,brand=?,category_id=?,created_at=?,current_stock=?,expected_lifespan_days=?,category=?,manual_daily_usage=?,manual_reorder_point=?,minimum_stock=?,name=?,notes=?,part_type_id=?,reorder_quantity=?,retired=?,retired_at=?,retirement_reason=?,tenant_id=?,updated_at=? where id=?
Hibernate: select t1_0.id,t1_0.active,t1_0.code,t1_0.created_at,t1_0.name,t1_0.parent_id,t1_0.updated_at from tenants t1_0 where t1_0.id=?
Hibernate: select p1_0.id,p1_0.active,p1_0.brand,p1_0.category_id,p1_0.created_at,p1_0.current_stock,p1_0.expected_lifespan_days,p1_0.category,p1_0.manual_daily_usage,p1_0.manual_reorder_point,p1_0.minimum_stock,p1_0.name,p1_0.notes,p1_0.part_type_id,p1_0.reorder_quantity,p1_0.retired,p1_0.retired_at,p1_0.retirement_reason,p1_0.tenant_id,p1_0.updated_at from parts p1_0 left join tenants t1_0 on t1_0.id=p1_0.tenant_id where p1_0.id=? and t1_0.id=?
Hibernate: select pc1_0.id,pc1_0.description,pc1_0.name,pc1_0.tenant_id from part_categories pc1_0 where pc1_0.id=?
Hibernate: select pi1_0.id from part_instances pi1_0 where pi1_0.barcode=? fetch first ? rows only
Hibernate: insert into part_instances (barcode,exhausted_at,installed_unit_part_id,landed_cost,notes,part_id,received_at,status,taken_at,taken_by,tenant_id,id) values (?,?,?,?,?,?,?,?,?,?,?,?)
Hibernate: select pi1_0.id,pi1_0.barcode,pi1_0.exhausted_at,pi1_0.installed_unit_part_id,pi1_0.landed_cost,pi1_0.notes,pi1_0.part_id,pi1_0.received_at,pi1_0.status,pi1_0.taken_at,pi1_0.taken_by,pi1_0.tenant_id from part_instances pi1_0 left join tenants t1_0 on t1_0.id=pi1_0.tenant_id where pi1_0.barcode=? and t1_0.id=?
Hibernate: select u1_0.id,u1_0.created_at,u1_0.email,u1_0.full_name,u1_0.password_hash,u1_0.role,u1_0.scope,u1_0.tenant_id,u1_0.updated_at from users u1_0 where u1_0.id=?
Hibernate: select p1_0.id,p1_0.active,p1_0.brand,p1_0.category_id,p1_0.created_at,p1_0.current_stock,p1_0.expected_lifespan_days,p1_0.category,p1_0.manual_daily_usage,p1_0.manual_reorder_point,p1_0.minimum_stock,p1_0.name,p1_0.notes,p1_0.part_type_id,p1_0.reorder_quantity,p1_0.retired,p1_0.retired_at,p1_0.retirement_reason,p1_0.tenant_id,p1_0.updated_at from parts p1_0 where p1_0.id=?
Hibernate: select pc1_0.id,pc1_0.description,pc1_0.name,pc1_0.tenant_id from part_categories pc1_0 where pc1_0.id=?
Hibernate: insert into stock_movements (after_stock,before_stock,created_at,movement_type,notes,part_id,quantity,reference_id,reference_type,tenant_id,id) values (?,?,?,?,?,?,?,?,?,?,?)
Hibernate: update part_instances set barcode=?,exhausted_at=?,installed_unit_part_id=?,landed_cost=?,notes=?,part_id=?,received_at=?,status=?,taken_at=?,taken_by=?,tenant_id=? where id=?
Hibernate: update parts set active=?,brand=?,category_id=?,created_at=?,current_stock=?,expected_lifespan_days=?,category=?,manual_daily_usage=?,manual_reorder_point=?,minimum_stock=?,name=?,notes=?,part_type_id=?,reorder_quantity=?,retired=?,retired_at=?,retirement_reason=?,tenant_id=?,updated_at=? where id=?
Hibernate: select t1_0.id,t1_0.active,t1_0.code,t1_0.created_at,t1_0.name,t1_0.parent_id,t1_0.updated_at from tenants t1_0 left join tenants p1_0 on p1_0.id=t1_0.parent_id where p1_0.id=?
Hibernate: select p1_0.id,p1_0.active,p1_0.brand,p1_0.category_id,p1_0.created_at,p1_0.current_stock,p1_0.expected_lifespan_days,p1_0.category,p1_0.manual_daily_usage,p1_0.manual_reorder_point,p1_0.minimum_stock,p1_0.name,p1_0.notes,p1_0.part_type_id,p1_0.reorder_quantity,p1_0.retired,p1_0.retired_at,p1_0.retirement_reason,p1_0.tenant_id,p1_0.updated_at from parts p1_0 where p1_0.tenant_id in (?) and p1_0.active=true
Hibernate: select pc1_0.id,pc1_0.description,pc1_0.name,pc1_0.tenant_id from part_categories pc1_0 where pc1_0.id=?
Hibernate: select pt1_0.id,pt1_0.category_id,pt1_0.description,pt1_0.name,pt1_0.tenant_id from part_type pt1_0 where pt1_0.id=?
Hibernate: select pt1_0.id,pt1_0.category_id,pt1_0.description,pt1_0.name,pt1_0.tenant_id from part_type pt1_0 where pt1_0.id=?
Hibernate: select pc1_0.id,pc1_0.description,pc1_0.name,pc1_0.tenant_id from part_categories pc1_0 where pc1_0.id=?
Hibernate: select pt1_0.id,pt1_0.category_id,pt1_0.description,pt1_0.name,pt1_0.tenant_id from part_type pt1_0 where pt1_0.id=?
Hibernate: select pt1_0.id,pt1_0.category_id,pt1_0.description,pt1_0.name,pt1_0.tenant_id from part_type pt1_0 where pt1_0.id=?
Hibernate: select pt1_0.id,pt1_0.category_id,pt1_0.description,pt1_0.name,pt1_0.tenant_id from part_type pt1_0 where pt1_0.id=?
Hibernate: select pc1_0.id,pc1_0.description,pc1_0.name,pc1_0.tenant_id from part_categories pc1_0 where pc1_0.id=?
Hibernate: select pt1_0.id,pt1_0.category_id,pt1_0.description,pt1_0.name,pt1_0.tenant_id from part_type pt1_0 where pt1_0.id=?
Hibernate: select pt1_0.id,pt1_0.category_id,pt1_0.description,pt1_0.name,pt1_0.tenant_id from part_type pt1_0 where pt1_0.id=?
Hibernate: select pt1_0.id,pt1_0.category_id,pt1_0.description,pt1_0.name,pt1_0.tenant_id from part_type pt1_0 where pt1_0.id=?
Hibernate: select pt1_0.id,pt1_0.category_id,pt1_0.description,pt1_0.name,pt1_0.tenant_id from part_type pt1_0 where pt1_0.id=?
Hibernate: select pt1_0.id,pt1_0.category_id,pt1_0.description,pt1_0.name,pt1_0.tenant_id from part_type pt1_0 where pt1_0.id=?
Hibernate: select pt1_0.id,pt1_0.category_id,pt1_0.description,pt1_0.name,pt1_0.tenant_id from part_type pt1_0 where pt1_0.id=?
Hibernate: select pt1_0.id,pt1_0.category_id,pt1_0.description,pt1_0.name,pt1_0.tenant_id from part_type pt1_0 where pt1_0.id=?
Hibernate: select pt1_0.id,pt1_0.category_id,pt1_0.description,pt1_0.name,pt1_0.tenant_id from part_type pt1_0 where pt1_0.id=?
Hibernate: select pt1_0.id,pt1_0.category_id,pt1_0.description,pt1_0.name,pt1_0.tenant_id from part_type pt1_0 where pt1_0.id=?
Hibernate: select pt1_0.id,pt1_0.category_id,pt1_0.description,pt1_0.name,pt1_0.tenant_id from part_type pt1_0 where pt1_0.id=?
Hibernate: select pt1_0.id,pt1_0.category_id,pt1_0.description,pt1_0.name,pt1_0.tenant_id from part_type pt1_0 where pt1_0.id=?
Hibernate: select pt1_0.id,pt1_0.category_id,pt1_0.description,pt1_0.name,pt1_0.tenant_id from part_type pt1_0 where pt1_0.id=?
Hibernate: select pt1_0.id,pt1_0.category_id,pt1_0.description,pt1_0.name,pt1_0.tenant_id from part_type pt1_0 where pt1_0.id=?
Hibernate: select pt1_0.id,pt1_0.category_id,pt1_0.description,pt1_0.name,pt1_0.tenant_id from part_type pt1_0 where pt1_0.id=?
Hibernate: select pc1_0.id,pc1_0.description,pc1_0.name,pc1_0.tenant_id from part_categories pc1_0 where pc1_0.id=?
Hibernate: select pt1_0.id,pt1_0.category_id,pt1_0.description,pt1_0.name,pt1_0.tenant_id from part_type pt1_0 where pt1_0.id=?
Hibernate: select u1_0.id,u1_0.created_at,u1_0.email,u1_0.full_name,u1_0.password_hash,u1_0.role,u1_0.scope,u1_0.tenant_id,u1_0.updated_at from users u1_0 where u1_0.email=?
Hibernate: select t1_0.id,t1_0.active,t1_0.code,t1_0.created_at,t1_0.name,t1_0.parent_id,t1_0.updated_at from tenants t1_0 left join tenants p1_0 on p1_0.id=t1_0.parent_id where p1_0.id=?
Hibernate: select mp1_0.id,mp1_0.auto_create_work_order,mp1_0.burn_rate_min_events,mp1_0.burn_rate_min_observation_days,mp1_0.burn_rate_window_days,mp1_0.created_at,mp1_0.days_of_cover_target,mp1_0.health_threshold,mp1_0.low_stock_multiplier,mp1_0.maintenance_interval_days,mp1_0.max_refurbished_parts,mp1_0.max_removed_parts,mp1_0.max_worn_parts,mp1_0.minimum_health_for_operation,mp1_0.part_end_of_life_warning_days,mp1_0.tenant_id,mp1_0.updated_at from maintenance_rule mp1_0 left join tenants t1_0 on t1_0.id=mp1_0.tenant_id where t1_0.id=?
Hibernate: select pi1_0.part_id,count(pi1_0.id) from part_instances pi1_0 where pi1_0.tenant_id in (?) and pi1_0.taken_at>=? group by pi1_0.part_id
Hibernate: select pi1_0.part_id,min(pi1_0.taken_at) from part_instances pi1_0 where pi1_0.tenant_id in (?) and pi1_0.taken_at is not null group by pi1_0.part_id
Hibernate: select p1_0.id,p1_0.active,p1_0.brand,p1_0.category_id,p1_0.created_at,p1_0.current_stock,p1_0.expected_lifespan_days,p1_0.category,p1_0.manual_daily_usage,p1_0.manual_reorder_point,p1_0.minimum_stock,p1_0.name,p1_0.notes,p1_0.part_type_id,p1_0.reorder_quantity,p1_0.retired,p1_0.retired_at,p1_0.retirement_reason,p1_0.tenant_id,p1_0.updated_at from parts p1_0 where p1_0.tenant_id in (?) and p1_0.active=true
Hibernate: select u1_0.id,u1_0.created_at,u1_0.email,u1_0.full_name,u1_0.password_hash,u1_0.role,u1_0.scope,u1_0.tenant_id,u1_0.updated_at from users u1_0 where u1_0.email=?
Hibernate: select t1_0.id,t1_0.active,t1_0.code,t1_0.created_at,t1_0.name,t1_0.parent_id,t1_0.updated_at from tenants t1_0 where t1_0.code=?
Hibernate: insert into users (created_at,email,full_name,password_hash,role,scope,tenant_id,updated_at,id) values (?,?,?,?,?,?,?,?,?)
Hibernate: select t1_0.id,t1_0.active,t1_0.code,t1_0.created_at,t1_0.name,t1_0.parent_id,t1_0.updated_at from tenants t1_0 where t1_0.id=?
Hibernate: select pc1_0.id,pc1_0.description,pc1_0.name,pc1_0.tenant_id from part_categories pc1_0 left join tenants t1_0 on t1_0.id=pc1_0.tenant_id where pc1_0.id=? and t1_0.id=?
Hibernate: select pt1_0.id,pt1_0.category_id,pt1_0.description,pt1_0.name,pt1_0.tenant_id from part_type pt1_0 left join tenants t1_0 on t1_0.id=pt1_0.tenant_id where pt1_0.id=? and t1_0.id=?
Hibernate: insert into parts (active,brand,category_id,created_at,current_stock,expected_lifespan_days,category,manual_daily_usage,manual_reorder_point,minimum_stock,name,notes,part_type_id,reorder_quantity,retired,retired_at,retirement_reason,tenant_id,updated_at,id) values (?,?,?,?,?,?,?,?,?,?,?,?,?,?,?,?,?,?,?,?)
Hibernate: select t1_0.id,t1_0.active,t1_0.code,t1_0.created_at,t1_0.name,t1_0.parent_id,t1_0.updated_at from tenants t1_0 left join tenants p1_0 on p1_0.id=t1_0.parent_id where p1_0.id=?
Hibernate: select mp1_0.id,mp1_0.auto_create_work_order,mp1_0.burn_rate_min_events,mp1_0.burn_rate_min_observation_days,mp1_0.burn_rate_window_days,mp1_0.created_at,mp1_0.days_of_cover_target,mp1_0.health_threshold,mp1_0.low_stock_multiplier,mp1_0.maintenance_interval_days,mp1_0.max_refurbished_parts,mp1_0.max_removed_parts,mp1_0.max_worn_parts,mp1_0.minimum_health_for_operation,mp1_0.part_end_of_life_warning_days,mp1_0.tenant_id,mp1_0.updated_at from maintenance_rule mp1_0 left join tenants t1_0 on t1_0.id=mp1_0.tenant_id where t1_0.id=?
Hibernate: select pi1_0.part_id,count(pi1_0.id) from part_instances pi1_0 where pi1_0.tenant_id in (?) and pi1_0.taken_at>=? group by pi1_0.part_id
Hibernate: select pi1_0.part_id,min(pi1_0.taken_at) from part_instances pi1_0 where pi1_0.tenant_id in (?) and pi1_0.taken_at is not null group by pi1_0.part_id
Hibernate: select p1_0.id,p1_0.active,p1_0.brand,p1_0.category_id,p1_0.created_at,p1_0.current_stock,p1_0.expected_lifespan_days,p1_0.category,p1_0.manual_daily_usage,p1_0.manual_reorder_point,p1_0.minimum_stock,p1_0.name,p1_0.notes,p1_0.part_type_id,p1_0.reorder_quantity,p1_0.retired,p1_0.retired_at,p1_0.retirement_reason,p1_0.tenant_id,p1_0.updated_at from parts p1_0 where p1_0.tenant_id in (?) and p1_0.active=true
Hibernate: select u1_0.id,u1_0.created_at,u1_0.email,u1_0.full_name,u1_0.password_hash,u1_0.role,u1_0.scope,u1_0.tenant_id,u1_0.updated_at from users u1_0 where u1_0.email=?
Hibernate: select t1_0.id,t1_0.active,t1_0.code,t1_0.created_at,t1_0.name,t1_0.parent_id,t1_0.updated_at from tenants t1_0 where t1_0.code=?
Hibernate: insert into users (created_at,email,full_name,password_hash,role,scope,tenant_id,updated_at,id) values (?,?,?,?,?,?,?,?,?)
Hibernate: select u1_0.id,u1_0.created_at,u1_0.email,u1_0.full_name,u1_0.password_hash,u1_0.role,u1_0.scope,u1_0.tenant_id,u1_0.updated_at from users u1_0 where u1_0.email=?
Hibernate: select t1_0.id,t1_0.active,t1_0.code,t1_0.created_at,t1_0.name,t1_0.parent_id,t1_0.updated_at from tenants t1_0 where t1_0.code=?
Hibernate: insert into users (created_at,email,full_name,password_hash,role,scope,tenant_id,updated_at,id) values (?,?,?,?,?,?,?,?,?)
Hibernate: select u1_0.id,u1_0.created_at,u1_0.email,u1_0.full_name,u1_0.password_hash,u1_0.role,u1_0.scope,u1_0.tenant_id,u1_0.updated_at from users u1_0 where u1_0.email=?
Hibernate: select t1_0.id,t1_0.active,t1_0.code,t1_0.created_at,t1_0.name,t1_0.parent_id,t1_0.updated_at from tenants t1_0 where t1_0.code=?
Hibernate: insert into users (created_at,email,full_name,password_hash,role,scope,tenant_id,updated_at,id) values (?,?,?,?,?,?,?,?,?)
Hibernate: select t1_0.id,t1_0.active,t1_0.code,t1_0.created_at,t1_0.name,t1_0.parent_id,t1_0.updated_at from tenants t1_0 where t1_0.id=?
Hibernate: select pc1_0.id,pc1_0.description,pc1_0.name,pc1_0.tenant_id from part_categories pc1_0 left join tenants t1_0 on t1_0.id=pc1_0.tenant_id where pc1_0.id=? and t1_0.id=?
Hibernate: select pt1_0.id,pt1_0.category_id,pt1_0.description,pt1_0.name,pt1_0.tenant_id from part_type pt1_0 left join tenants t1_0 on t1_0.id=pt1_0.tenant_id where pt1_0.id=? and t1_0.id=?
Hibernate: insert into parts (active,brand,category_id,created_at,current_stock,expected_lifespan_days,category,manual_daily_usage,manual_reorder_point,minimum_stock,name,notes,part_type_id,reorder_quantity,retired,retired_at,retirement_reason,tenant_id,updated_at,id) values (?,?,?,?,?,?,?,?,?,?,?,?,?,?,?,?,?,?,?,?)
Hibernate: select t1_0.id,t1_0.active,t1_0.code,t1_0.created_at,t1_0.name,t1_0.parent_id,t1_0.updated_at from tenants t1_0 where t1_0.id=?
Hibernate: select u1_0.id,u1_0.created_at,u1_0.email,u1_0.full_name,u1_0.password_hash,u1_0.role,u1_0.scope,u1_0.tenant_id,u1_0.updated_at from users u1_0 where u1_0.id=?
Hibernate: select p1_0.id,p1_0.active,p1_0.brand,p1_0.category_id,p1_0.created_at,p1_0.current_stock,p1_0.expected_lifespan_days,p1_0.category,p1_0.manual_daily_usage,p1_0.manual_reorder_point,p1_0.minimum_stock,p1_0.name,p1_0.notes,p1_0.part_type_id,p1_0.reorder_quantity,p1_0.retired,p1_0.retired_at,p1_0.retirement_reason,p1_0.tenant_id,p1_0.updated_at from parts p1_0 left join tenants t1_0 on t1_0.id=p1_0.tenant_id where p1_0.id=? and t1_0.id=?
Hibernate: select t1_0.parent_id from tenants t1_0 where t1_0.id=?
Hibernate: select u1_0.id,u1_0.created_at,u1_0.email,u1_0.full_name,u1_0.password_hash,u1_0.role,u1_0.scope,u1_0.tenant_id,u1_0.updated_at from users u1_0 where u1_0.tenant_id in (?) and (u1_0.role=? or u1_0.scope in (?,?))
Hibernate: insert into purchase_requests (created_at,po_id,pra_id,requested_by,status,tenant_id,id) values (?,?,?,?,?,?,?)
Hibernate: insert into purchase_request_items (part_id,pr_id,quantity,id) values (?,?,?,?)
Hibernate: insert into purchase_request_status_history (changed_by,created_at,new_status,previous_status,purchase_request_id,reason,updated_at,id) values (?,?,?,?,?,?,?,?)
Hibernate: insert into notifications (created_at,message,read,read_at,recipient_user_id,reference_id,reference_type,tenant_id,title,type,updated_at,id) values (?,?,?,?,?,?,?,?,?,?,?,?)
Hibernate: insert into notifications (created_at,message,read,read_at,recipient_user_id,reference_id,reference_type,tenant_id,title,type,updated_at,id) values (?,?,?,?,?,?,?,?,?,?,?,?)
Hibernate: insert into notifications (created_at,message,read,read_at,recipient_user_id,reference_id,reference_type,tenant_id,title,type,updated_at,id) values (?,?,?,?,?,?,?,?,?,?,?,?)
Hibernate: insert into notifications (created_at,message,read,read_at,recipient_user_id,reference_id,reference_type,tenant_id,title,type,updated_at,id) values (?,?,?,?,?,?,?,?,?,?,?,?)
Hibernate: insert into notifications (created_at,message,read,read_at,recipient_user_id,reference_id,reference_type,tenant_id,title,type,updated_at,id) values (?,?,?,?,?,?,?,?,?,?,?,?)
Hibernate: select pri1_0.id,pri1_0.part_id,pri1_0.pr_id,pri1_0.quantity from purchase_request_items pri1_0 left join purchase_requests pr1_0 on pr1_0.id=pri1_0.pr_id where pr1_0.id=?
Hibernate: select pr1_0.id,pr1_0.created_at,pr1_0.po_id,pr1_0.pra_id,pr1_0.requested_by,pr1_0.status,pr1_0.tenant_id from purchase_requests pr1_0 left join tenants t1_0 on t1_0.id=pr1_0.tenant_id where pr1_0.id=? and t1_0.id=?
Hibernate: insert into purchase_request_status_history (changed_by,created_at,new_status,previous_status,purchase_request_id,reason,updated_at,id) values (?,?,?,?,?,?,?,?)
Hibernate: update purchase_requests set created_at=?,po_id=?,pra_id=?,requested_by=?,status=?,tenant_id=? where id=?
Hibernate: select pri1_0.id,pri1_0.part_id,pri1_0.pr_id,pri1_0.quantity from purchase_request_items pri1_0 left join purchase_requests pr1_0 on pr1_0.id=pri1_0.pr_id where pr1_0.id=?
Hibernate: select p1_0.id,p1_0.active,p1_0.brand,p1_0.category_id,p1_0.created_at,p1_0.current_stock,p1_0.expected_lifespan_days,p1_0.category,p1_0.manual_daily_usage,p1_0.manual_reorder_point,p1_0.minimum_stock,p1_0.name,p1_0.notes,p1_0.part_type_id,p1_0.reorder_quantity,p1_0.retired,p1_0.retired_at,p1_0.retirement_reason,p1_0.tenant_id,p1_0.updated_at from parts p1_0 where p1_0.id=?
Hibernate: select u1_0.id,u1_0.created_at,u1_0.email,u1_0.full_name,u1_0.password_hash,u1_0.role,u1_0.scope,u1_0.tenant_id,u1_0.updated_at from users u1_0 where u1_0.id=?
Hibernate: select t1_0.id,t1_0.active,t1_0.code,t1_0.created_at,t1_0.name,t1_0.parent_id,t1_0.updated_at from tenants t1_0 where t1_0.id=?
Hibernate: select u1_0.id,u1_0.created_at,u1_0.email,u1_0.full_name,u1_0.password_hash,u1_0.role,u1_0.scope,u1_0.tenant_id,u1_0.updated_at from users u1_0 where u1_0.id=?
Hibernate: select pr1_0.id,pr1_0.created_at,pr1_0.po_id,pr1_0.pra_id,pr1_0.requested_by,pr1_0.status,pr1_0.tenant_id from purchase_requests pr1_0 left join tenants t1_0 on t1_0.id=pr1_0.tenant_id where pr1_0.id in (?) and t1_0.id=?
Hibernate: select p1_0.id,p1_0.active,p1_0.brand,p1_0.category_id,p1_0.created_at,p1_0.current_stock,p1_0.expected_lifespan_days,p1_0.category,p1_0.manual_daily_usage,p1_0.manual_reorder_point,p1_0.minimum_stock,p1_0.name,p1_0.notes,p1_0.part_type_id,p1_0.reorder_quantity,p1_0.retired,p1_0.retired_at,p1_0.retirement_reason,p1_0.tenant_id,p1_0.updated_at from parts p1_0 left join tenants t1_0 on t1_0.id=p1_0.tenant_id where p1_0.id=? and t1_0.id=?
Hibernate: insert into purchase_request_authorizations (approved_by,created_at,status,tenant_id,updated_at,id) values (?,?,?,?,?,?)
Hibernate: insert into purchase_request_authorization_items (authorized_qty,max_value,part_id,pra_id,id) values (?,?,?,?,?)
Hibernate: insert into purchase_request_authorization_status_history (changed_by,created_at,new_status,previous_status,purchase_request_authorization_id,reason,updated_at,id) values (?,?,?,?,?,?,?,?)
Hibernate: update purchase_requests set created_at=?,po_id=?,pra_id=?,requested_by=?,status=?,tenant_id=? where id=?
Hibernate: select prai1_0.id,prai1_0.authorized_qty,prai1_0.max_value,prai1_0.part_id,prai1_0.pra_id from purchase_request_authorization_items prai1_0 left join purchase_request_authorizations pra1_0 on pra1_0.id=prai1_0.pra_id where pra1_0.id=?
Hibernate: select ri1_0.id,ri1_0.actual_unit_price,ri1_0.allocated_landed_cost,ri1_0.conversion_factor,ri1_0.part_id,ri1_0.pra_item_id,ri1_0.purchase_uom,ri1_0.purchased_qty,ri1_0.realisasi_id from realisasi_items ri1_0 left join purchase_request_authorization_items prai1_0 on prai1_0.id=ri1_0.pra_item_id left join realisasis r1_0 on r1_0.id=ri1_0.realisasi_id where prai1_0.id=? and r1_0.status=?
Hibernate: select ri1_0.id,ri1_0.actual_unit_price,ri1_0.allocated_landed_cost,ri1_0.conversion_factor,ri1_0.part_id,ri1_0.pra_item_id,ri1_0.purchase_uom,ri1_0.purchased_qty,ri1_0.realisasi_id from realisasi_items ri1_0 left join purchase_request_authorization_items prai1_0 on prai1_0.id=ri1_0.pra_item_id left join realisasis r1_0 on r1_0.id=ri1_0.realisasi_id where prai1_0.id=? and r1_0.status=?
Hibernate: select pr1_0.id,pr1_0.created_at,pr1_0.po_id,pr1_0.pra_id,pr1_0.requested_by,pr1_0.status,pr1_0.tenant_id from purchase_requests pr1_0 left join purchase_request_authorizations pra1_0 on pra1_0.id=pr1_0.pra_id where pra1_0.id=?
Hibernate: select t1_0.id,t1_0.active,t1_0.code,t1_0.created_at,t1_0.name,t1_0.parent_id,t1_0.updated_at from tenants t1_0 where t1_0.id=?
Hibernate: select r1_0.id from realisasis r1_0 where r1_0.external_order_ref=? fetch first ? rows only
Hibernate: select pra1_0.id,pra1_0.approved_by,pra1_0.created_at,pra1_0.status,pra1_0.tenant_id,pra1_0.updated_at from purchase_request_authorizations pra1_0 left join tenants t1_0 on t1_0.id=pra1_0.tenant_id where pra1_0.id=? and t1_0.id=?
Hibernate: select u1_0.id,u1_0.created_at,u1_0.email,u1_0.full_name,u1_0.password_hash,u1_0.role,u1_0.scope,u1_0.tenant_id,u1_0.updated_at from users u1_0 where u1_0.id=?
Hibernate: select prai1_0.id,prai1_0.authorized_qty,prai1_0.max_value,prai1_0.part_id,prai1_0.pra_id from purchase_request_authorization_items prai1_0 where prai1_0.id=?
Hibernate: select ri1_0.id,ri1_0.actual_unit_price,ri1_0.allocated_landed_cost,ri1_0.conversion_factor,ri1_0.part_id,ri1_0.pra_item_id,ri1_0.purchase_uom,ri1_0.purchased_qty,ri1_0.realisasi_id from realisasi_items ri1_0 left join purchase_request_authorization_items prai1_0 on prai1_0.id=ri1_0.pra_item_id left join realisasis r1_0 on r1_0.id=ri1_0.realisasi_id where prai1_0.id=? and r1_0.status=?
Hibernate: select ri1_0.id,ri1_0.actual_unit_price,ri1_0.allocated_landed_cost,ri1_0.conversion_factor,ri1_0.part_id,ri1_0.pra_item_id,ri1_0.purchase_uom,ri1_0.purchased_qty,ri1_0.realisasi_id from realisasi_items ri1_0 left join purchase_request_authorization_items prai1_0 on prai1_0.id=ri1_0.pra_item_id left join realisasis r1_0 on r1_0.id=ri1_0.realisasi_id where prai1_0.id=? and r1_0.status=?
Hibernate: select p1_0.id,p1_0.active,p1_0.brand,p1_0.category_id,p1_0.created_at,p1_0.current_stock,p1_0.expected_lifespan_days,p1_0.category,p1_0.manual_daily_usage,p1_0.manual_reorder_point,p1_0.minimum_stock,p1_0.name,p1_0.notes,p1_0.part_type_id,p1_0.reorder_quantity,p1_0.retired,p1_0.retired_at,p1_0.retirement_reason,p1_0.tenant_id,p1_0.updated_at from parts p1_0 left join tenants t1_0 on t1_0.id=p1_0.tenant_id where p1_0.id=? and t1_0.id=?
Hibernate: select prai1_0.id,prai1_0.authorized_qty,prai1_0.max_value,prai1_0.part_id,prai1_0.pra_id from purchase_request_authorization_items prai1_0 left join purchase_request_authorizations pra1_0 on pra1_0.id=prai1_0.pra_id where pra1_0.id=?
Hibernate: insert into realisasis (approved_by,attachments,channel,created_at,created_by,external_order_ref,insurance,payment_method,payment_ref,platform_voucher,pra_id,purchased_at,reimbursed_at,reimbursed_to,reimbursement_status,retro_purchase_flag,seller_discount,service_fee,shipping,status,subtotal,superseded_reason,supersedes_id,supplier_id,tenant_id,total_cost,updated_at,variance_status,id) values (?,?,?,?,?,?,?,?,?,?,?,?,?,?,?,?,?,?,?,?,?,?,?,?,?,?,?,?,?)
Hibernate: insert into realisasi_items (actual_unit_price,allocated_landed_cost,conversion_factor,part_id,pra_item_id,purchase_uom,purchased_qty,realisasi_id,id) values (?,?,?,?,?,?,?,?,?)
Hibernate: insert into realisasi_status_history (changed_by,created_at,new_status,previous_status,realisasi_id,reason,updated_at,id) values (?,?,?,?,?,?,?,?)
Hibernate: select ri1_0.id,ri1_0.actual_unit_price,ri1_0.allocated_landed_cost,ri1_0.conversion_factor,ri1_0.part_id,ri1_0.pra_item_id,ri1_0.purchase_uom,ri1_0.purchased_qty,ri1_0.realisasi_id from realisasi_items ri1_0 left join purchase_request_authorization_items prai1_0 on prai1_0.id=ri1_0.pra_item_id left join realisasis r1_0 on r1_0.id=ri1_0.realisasi_id where prai1_0.id=? and r1_0.status=?
Hibernate: select ri1_0.id,ri1_0.actual_unit_price,ri1_0.allocated_landed_cost,ri1_0.conversion_factor,ri1_0.part_id,ri1_0.pra_item_id,ri1_0.purchase_uom,ri1_0.purchased_qty,ri1_0.realisasi_id from realisasi_items ri1_0 left join realisasis r1_0 on r1_0.id=ri1_0.realisasi_id where r1_0.id=?
Hibernate: insert into purchase_request_authorization_status_history (changed_by,created_at,new_status,previous_status,purchase_request_authorization_id,reason,updated_at,id) values (?,?,?,?,?,?,?,?)
Hibernate: update purchase_request_authorizations set approved_by=?,status=?,tenant_id=?,updated_at=? where id=?
Hibernate: select t1_0.id,t1_0.active,t1_0.code,t1_0.created_at,t1_0.name,t1_0.parent_id,t1_0.updated_at from tenants t1_0 where t1_0.id=?
Hibernate: select u1_0.id,u1_0.created_at,u1_0.email,u1_0.full_name,u1_0.password_hash,u1_0.role,u1_0.scope,u1_0.tenant_id,u1_0.updated_at from users u1_0 where u1_0.id=?
Hibernate: select r1_0.id,r1_0.approved_by,r1_0.attachments,r1_0.channel,r1_0.created_at,r1_0.created_by,r1_0.external_order_ref,r1_0.insurance,r1_0.payment_method,r1_0.payment_ref,r1_0.platform_voucher,r1_0.pra_id,r1_0.purchased_at,r1_0.reimbursed_at,r1_0.reimbursed_to,r1_0.reimbursement_status,r1_0.retro_purchase_flag,r1_0.seller_discount,r1_0.service_fee,r1_0.shipping,r1_0.status,r1_0.subtotal,r1_0.superseded_reason,r1_0.supersedes_id,r1_0.supplier_id,r1_0.tenant_id,r1_0.total_cost,r1_0.updated_at,r1_0.variance_status from realisasis r1_0 left join tenants t1_0 on t1_0.id=r1_0.tenant_id where r1_0.id=? and t1_0.id=?
Hibernate: select ri1_0.id,ri1_0.actual_unit_price,ri1_0.allocated_landed_cost,ri1_0.conversion_factor,ri1_0.part_id,ri1_0.pra_item_id,ri1_0.purchase_uom,ri1_0.purchased_qty,ri1_0.realisasi_id from realisasi_items ri1_0 where ri1_0.id=?
Hibernate: select gri1_0.id,gri1_0.receipt_id,gri1_0.part_id,gri1_0.quantity,gri1_0.realisasi_item_id from goods_receipt_items gri1_0 left join realisasi_items ri1_0 on ri1_0.id=gri1_0.realisasi_item_id where ri1_0.id=?
Hibernate: select p1_0.id,p1_0.active,p1_0.brand,p1_0.category_id,p1_0.created_at,p1_0.current_stock,p1_0.expected_lifespan_days,p1_0.category,p1_0.manual_daily_usage,p1_0.manual_reorder_point,p1_0.minimum_stock,p1_0.name,p1_0.notes,p1_0.part_type_id,p1_0.reorder_quantity,p1_0.retired,p1_0.retired_at,p1_0.retirement_reason,p1_0.tenant_id,p1_0.updated_at from parts p1_0 left join tenants t1_0 on t1_0.id=p1_0.tenant_id where p1_0.id=? and t1_0.id=?
Hibernate: select pc1_0.id,pc1_0.description,pc1_0.name,pc1_0.tenant_id from part_categories pc1_0 where pc1_0.id=?
Hibernate: insert into goods_receipts (notes,po_id,realisasi_id,received_by,received_date,tenant_id,id) values (?,?,?,?,?,?,?)
Hibernate: insert into goods_receipt_items (receipt_id,part_id,quantity,realisasi_item_id,id) values (?,?,?,?,?)
Hibernate: insert into stock_movements (after_stock,before_stock,created_at,movement_type,notes,part_id,quantity,reference_id,reference_type,tenant_id,id) values (?,?,?,?,?,?,?,?,?,?,?)
Hibernate: update parts set active=?,brand=?,category_id=?,created_at=?,current_stock=?,expected_lifespan_days=?,category=?,manual_daily_usage=?,manual_reorder_point=?,minimum_stock=?,name=?,notes=?,part_type_id=?,reorder_quantity=?,retired=?,retired_at=?,retirement_reason=?,tenant_id=?,updated_at=? where id=?
Hibernate: select gri1_0.id,gri1_0.receipt_id,gri1_0.part_id,gri1_0.quantity,gri1_0.realisasi_item_id from goods_receipt_items gri1_0 left join goods_receipts gr1_0 on gr1_0.id=gri1_0.receipt_id where gr1_0.id=?
Hibernate: select t1_0.id,t1_0.active,t1_0.code,t1_0.created_at,t1_0.name,t1_0.parent_id,t1_0.updated_at from tenants t1_0 left join tenants p1_0 on p1_0.id=t1_0.parent_id where p1_0.id=?
Hibernate: select pi1_0.id,pi1_0.barcode,pi1_0.exhausted_at,pi1_0.installed_unit_part_id,pi1_0.landed_cost,pi1_0.notes,pi1_0.part_id,pi1_0.received_at,pi1_0.status,pi1_0.taken_at,pi1_0.taken_by,pi1_0.tenant_id from part_instances pi1_0 where pi1_0.part_id=? and pi1_0.tenant_id in (?)
Hibernate: select t1_0.id,t1_0.active,t1_0.code,t1_0.created_at,t1_0.name,t1_0.parent_id,t1_0.updated_at from tenants t1_0 left join tenants p1_0 on p1_0.id=t1_0.parent_id where p1_0.id=?
Hibernate: select mp1_0.id,mp1_0.auto_create_work_order,mp1_0.burn_rate_min_events,mp1_0.burn_rate_min_observation_days,mp1_0.burn_rate_window_days,mp1_0.created_at,mp1_0.days_of_cover_target,mp1_0.health_threshold,mp1_0.low_stock_multiplier,mp1_0.maintenance_interval_days,mp1_0.max_refurbished_parts,mp1_0.max_removed_parts,mp1_0.max_worn_parts,mp1_0.minimum_health_for_operation,mp1_0.part_end_of_life_warning_days,mp1_0.tenant_id,mp1_0.updated_at from maintenance_rule mp1_0 left join tenants t1_0 on t1_0.id=mp1_0.tenant_id where t1_0.id=?
Hibernate: select pi1_0.part_id,count(pi1_0.id) from part_instances pi1_0 where pi1_0.tenant_id in (?) and pi1_0.taken_at>=? group by pi1_0.part_id
Hibernate: select pi1_0.part_id,min(pi1_0.taken_at) from part_instances pi1_0 where pi1_0.tenant_id in (?) and pi1_0.taken_at is not null group by pi1_0.part_id
Hibernate: select p1_0.id,p1_0.active,p1_0.brand,p1_0.category_id,p1_0.created_at,p1_0.current_stock,p1_0.expected_lifespan_days,p1_0.category,p1_0.manual_daily_usage,p1_0.manual_reorder_point,p1_0.minimum_stock,p1_0.name,p1_0.notes,p1_0.part_type_id,p1_0.reorder_quantity,p1_0.retired,p1_0.retired_at,p1_0.retirement_reason,p1_0.tenant_id,p1_0.updated_at from parts p1_0 where p1_0.tenant_id in (?) and p1_0.active=true
Hibernate: select t1_0.id,t1_0.active,t1_0.code,t1_0.created_at,t1_0.name,t1_0.parent_id,t1_0.updated_at from tenants t1_0 left join tenants p1_0 on p1_0.id=t1_0.parent_id where p1_0.id=?
Hibernate: select p1_0.id,p1_0.active,p1_0.brand,p1_0.category_id,p1_0.created_at,p1_0.current_stock,p1_0.expected_lifespan_days,p1_0.category,p1_0.manual_daily_usage,p1_0.manual_reorder_point,p1_0.minimum_stock,p1_0.name,p1_0.notes,p1_0.part_type_id,p1_0.reorder_quantity,p1_0.retired,p1_0.retired_at,p1_0.retirement_reason,p1_0.tenant_id,p1_0.updated_at from parts p1_0 where p1_0.tenant_id in (?) and p1_0.active=true
Hibernate: select pc1_0.id,pc1_0.description,pc1_0.name,pc1_0.tenant_id from part_categories pc1_0 where pc1_0.id=?
Hibernate: select pt1_0.id,pt1_0.category_id,pt1_0.description,pt1_0.name,pt1_0.tenant_id from part_type pt1_0 where pt1_0.id=?
Hibernate: select pt1_0.id,pt1_0.category_id,pt1_0.description,pt1_0.name,pt1_0.tenant_id from part_type pt1_0 where pt1_0.id=?
Hibernate: select pc1_0.id,pc1_0.description,pc1_0.name,pc1_0.tenant_id from part_categories pc1_0 where pc1_0.id=?
Hibernate: select pt1_0.id,pt1_0.category_id,pt1_0.description,pt1_0.name,pt1_0.tenant_id from part_type pt1_0 where pt1_0.id=?
Hibernate: select pt1_0.id,pt1_0.category_id,pt1_0.description,pt1_0.name,pt1_0.tenant_id from part_type pt1_0 where pt1_0.id=?
Hibernate: select pt1_0.id,pt1_0.category_id,pt1_0.description,pt1_0.name,pt1_0.tenant_id from part_type pt1_0 where pt1_0.id=?
Hibernate: select pc1_0.id,pc1_0.description,pc1_0.name,pc1_0.tenant_id from part_categories pc1_0 where pc1_0.id=?
Hibernate: select pt1_0.id,pt1_0.category_id,pt1_0.description,pt1_0.name,pt1_0.tenant_id from part_type pt1_0 where pt1_0.id=?
Hibernate: select pt1_0.id,pt1_0.category_id,pt1_0.description,pt1_0.name,pt1_0.tenant_id from part_type pt1_0 where pt1_0.id=?
Hibernate: select pt1_0.id,pt1_0.category_id,pt1_0.description,pt1_0.name,pt1_0.tenant_id from part_type pt1_0 where pt1_0.id=?
Hibernate: select pc1_0.id,pc1_0.description,pc1_0.name,pc1_0.tenant_id from part_categories pc1_0 where pc1_0.id=?
Hibernate: select pt1_0.id,pt1_0.category_id,pt1_0.description,pt1_0.name,pt1_0.tenant_id from part_type pt1_0 where pt1_0.id=?
Hibernate: select pt1_0.id,pt1_0.category_id,pt1_0.description,pt1_0.name,pt1_0.tenant_id from part_type pt1_0 where pt1_0.id=?
Hibernate: select pt1_0.id,pt1_0.category_id,pt1_0.description,pt1_0.name,pt1_0.tenant_id from part_type pt1_0 where pt1_0.id=?
Hibernate: select pt1_0.id,pt1_0.category_id,pt1_0.description,pt1_0.name,pt1_0.tenant_id from part_type pt1_0 where pt1_0.id=?
Hibernate: select pt1_0.id,pt1_0.category_id,pt1_0.description,pt1_0.name,pt1_0.tenant_id from part_type pt1_0 where pt1_0.id=?
Hibernate: select pt1_0.id,pt1_0.category_id,pt1_0.description,pt1_0.name,pt1_0.tenant_id from part_type pt1_0 where pt1_0.id=?
Hibernate: select pt1_0.id,pt1_0.category_id,pt1_0.description,pt1_0.name,pt1_0.tenant_id from part_type pt1_0 where pt1_0.id=?
Hibernate: select pt1_0.id,pt1_0.category_id,pt1_0.description,pt1_0.name,pt1_0.tenant_id from part_type pt1_0 where pt1_0.id=?
Hibernate: select pt1_0.id,pt1_0.category_id,pt1_0.description,pt1_0.name,pt1_0.tenant_id from part_type pt1_0 where pt1_0.id=?
Hibernate: select pt1_0.id,pt1_0.category_id,pt1_0.description,pt1_0.name,pt1_0.tenant_id from part_type pt1_0 where pt1_0.id=?
Hibernate: select pt1_0.id,pt1_0.category_id,pt1_0.description,pt1_0.name,pt1_0.tenant_id from part_type pt1_0 where pt1_0.id=?
Hibernate: select pt1_0.id,pt1_0.category_id,pt1_0.description,pt1_0.name,pt1_0.tenant_id from part_type pt1_0 where pt1_0.id=?
Hibernate: select u1_0.id,u1_0.created_at,u1_0.email,u1_0.full_name,u1_0.password_hash,u1_0.role,u1_0.scope,u1_0.tenant_id,u1_0.updated_at from users u1_0 where u1_0.email=?
Hibernate: select u1_0.id,u1_0.created_at,u1_0.email,u1_0.full_name,u1_0.password_hash,u1_0.role,u1_0.scope,u1_0.tenant_id,u1_0.updated_at from users u1_0 where u1_0.id=?
Hibernate: select t1_0.id,t1_0.active,t1_0.code,t1_0.created_at,t1_0.name,t1_0.parent_id,t1_0.updated_at from tenants t1_0 where t1_0.id=?
Hibernate: select p1_0.id,p1_0.active,p1_0.brand,p1_0.category_id,p1_0.created_at,p1_0.current_stock,p1_0.expected_lifespan_days,p1_0.category,p1_0.manual_daily_usage,p1_0.manual_reorder_point,p1_0.minimum_stock,p1_0.name,p1_0.notes,p1_0.part_type_id,p1_0.reorder_quantity,p1_0.retired,p1_0.retired_at,p1_0.retirement_reason,p1_0.tenant_id,p1_0.updated_at from parts p1_0 left join tenants t1_0 on t1_0.id=p1_0.tenant_id where p1_0.id=? and t1_0.id=?
Hibernate: select pc1_0.id,pc1_0.description,pc1_0.name,pc1_0.tenant_id from part_categories pc1_0 where pc1_0.id=?
Hibernate: select pi1_0.id from part_instances pi1_0 where pi1_0.barcode=? fetch first ? rows only
Hibernate: insert into part_instances (barcode,exhausted_at,installed_unit_part_id,landed_cost,notes,part_id,received_at,status,taken_at,taken_by,tenant_id,id) values (?,?,?,?,?,?,?,?,?,?,?,?)
Hibernate: select pi1_0.id,pi1_0.barcode,pi1_0.exhausted_at,pi1_0.installed_unit_part_id,pi1_0.landed_cost,pi1_0.notes,pi1_0.part_id,pi1_0.received_at,pi1_0.status,pi1_0.taken_at,pi1_0.taken_by,pi1_0.tenant_id from part_instances pi1_0 left join tenants t1_0 on t1_0.id=pi1_0.tenant_id where pi1_0.barcode=? and t1_0.id=?
Hibernate: select u1_0.id,u1_0.created_at,u1_0.email,u1_0.full_name,u1_0.password_hash,u1_0.role,u1_0.scope,u1_0.tenant_id,u1_0.updated_at from users u1_0 where u1_0.id=?
Hibernate: select p1_0.id,p1_0.active,p1_0.brand,p1_0.category_id,p1_0.created_at,p1_0.current_stock,p1_0.expected_lifespan_days,p1_0.category,p1_0.manual_daily_usage,p1_0.manual_reorder_point,p1_0.minimum_stock,p1_0.name,p1_0.notes,p1_0.part_type_id,p1_0.reorder_quantity,p1_0.retired,p1_0.retired_at,p1_0.retirement_reason,p1_0.tenant_id,p1_0.updated_at from parts p1_0 where p1_0.id=?
Hibernate: select pc1_0.id,pc1_0.description,pc1_0.name,pc1_0.tenant_id from part_categories pc1_0 where pc1_0.id=?
Hibernate: insert into stock_movements (after_stock,before_stock,created_at,movement_type,notes,part_id,quantity,reference_id,reference_type,tenant_id,id) values (?,?,?,?,?,?,?,?,?,?,?)
Hibernate: update part_instances set barcode=?,exhausted_at=?,installed_unit_part_id=?,landed_cost=?,notes=?,part_id=?,received_at=?,status=?,taken_at=?,taken_by=?,tenant_id=? where id=?
Hibernate: update parts set active=?,brand=?,category_id=?,created_at=?,current_stock=?,expected_lifespan_days=?,category=?,manual_daily_usage=?,manual_reorder_point=?,minimum_stock=?,name=?,notes=?,part_type_id=?,reorder_quantity=?,retired=?,retired_at=?,retirement_reason=?,tenant_id=?,updated_at=? where id=?
Hibernate: select t1_0.id,t1_0.active,t1_0.code,t1_0.created_at,t1_0.name,t1_0.parent_id,t1_0.updated_at from tenants t1_0 where t1_0.id=?
Hibernate: select p1_0.id,p1_0.active,p1_0.brand,p1_0.category_id,p1_0.created_at,p1_0.current_stock,p1_0.expected_lifespan_days,p1_0.category,p1_0.manual_daily_usage,p1_0.manual_reorder_point,p1_0.minimum_stock,p1_0.name,p1_0.notes,p1_0.part_type_id,p1_0.reorder_quantity,p1_0.retired,p1_0.retired_at,p1_0.retirement_reason,p1_0.tenant_id,p1_0.updated_at from parts p1_0 left join tenants t1_0 on t1_0.id=p1_0.tenant_id where p1_0.id=? and t1_0.id=?
Hibernate: select pc1_0.id,pc1_0.description,pc1_0.name,pc1_0.tenant_id from part_categories pc1_0 where pc1_0.id=?
Hibernate: select pi1_0.id from part_instances pi1_0 where pi1_0.barcode=? fetch first ? rows only
Hibernate: insert into part_instances (barcode,exhausted_at,installed_unit_part_id,landed_cost,notes,part_id,received_at,status,taken_at,taken_by,tenant_id,id) values (?,?,?,?,?,?,?,?,?,?,?,?)
Hibernate: select pi1_0.id,pi1_0.barcode,pi1_0.exhausted_at,pi1_0.installed_unit_part_id,pi1_0.landed_cost,pi1_0.notes,pi1_0.part_id,pi1_0.received_at,pi1_0.status,pi1_0.taken_at,pi1_0.taken_by,pi1_0.tenant_id from part_instances pi1_0 left join tenants t1_0 on t1_0.id=pi1_0.tenant_id where pi1_0.barcode=? and t1_0.id=?
Hibernate: select u1_0.id,u1_0.created_at,u1_0.email,u1_0.full_name,u1_0.password_hash,u1_0.role,u1_0.scope,u1_0.tenant_id,u1_0.updated_at from users u1_0 where u1_0.id=?
Hibernate: select p1_0.id,p1_0.active,p1_0.brand,p1_0.category_id,p1_0.created_at,p1_0.current_stock,p1_0.expected_lifespan_days,p1_0.category,p1_0.manual_daily_usage,p1_0.manual_reorder_point,p1_0.minimum_stock,p1_0.name,p1_0.notes,p1_0.part_type_id,p1_0.reorder_quantity,p1_0.retired,p1_0.retired_at,p1_0.retirement_reason,p1_0.tenant_id,p1_0.updated_at from parts p1_0 where p1_0.id=?
Hibernate: select pc1_0.id,pc1_0.description,pc1_0.name,pc1_0.tenant_id from part_categories pc1_0 where pc1_0.id=?
Hibernate: insert into stock_movements (after_stock,before_stock,created_at,movement_type,notes,part_id,quantity,reference_id,reference_type,tenant_id,id) values (?,?,?,?,?,?,?,?,?,?,?)
Hibernate: update part_instances set barcode=?,exhausted_at=?,installed_unit_part_id=?,landed_cost=?,notes=?,part_id=?,received_at=?,status=?,taken_at=?,taken_by=?,tenant_id=? where id=?
Hibernate: update parts set active=?,brand=?,category_id=?,created_at=?,current_stock=?,expected_lifespan_days=?,category=?,manual_daily_usage=?,manual_reorder_point=?,minimum_stock=?,name=?,notes=?,part_type_id=?,reorder_quantity=?,retired=?,retired_at=?,retirement_reason=?,tenant_id=?,updated_at=? where id=?
Hibernate: select t1_0.id,t1_0.active,t1_0.code,t1_0.created_at,t1_0.name,t1_0.parent_id,t1_0.updated_at from tenants t1_0 where t1_0.id=?
Hibernate: select p1_0.id,p1_0.active,p1_0.brand,p1_0.category_id,p1_0.created_at,p1_0.current_stock,p1_0.expected_lifespan_days,p1_0.category,p1_0.manual_daily_usage,p1_0.manual_reorder_point,p1_0.minimum_stock,p1_0.name,p1_0.notes,p1_0.part_type_id,p1_0.reorder_quantity,p1_0.retired,p1_0.retired_at,p1_0.retirement_reason,p1_0.tenant_id,p1_0.updated_at from parts p1_0 left join tenants t1_0 on t1_0.id=p1_0.tenant_id where p1_0.id=? and t1_0.id=?
Hibernate: select pc1_0.id,pc1_0.description,pc1_0.name,pc1_0.tenant_id from part_categories pc1_0 where pc1_0.id=?
Hibernate: select pi1_0.id from part_instances pi1_0 where pi1_0.barcode=? fetch first ? rows only
Hibernate: insert into part_instances (barcode,exhausted_at,installed_unit_part_id,landed_cost,notes,part_id,received_at,status,taken_at,taken_by,tenant_id,id) values (?,?,?,?,?,?,?,?,?,?,?,?)
Hibernate: select pi1_0.id,pi1_0.barcode,pi1_0.exhausted_at,pi1_0.installed_unit_part_id,pi1_0.landed_cost,pi1_0.notes,pi1_0.part_id,pi1_0.received_at,pi1_0.status,pi1_0.taken_at,pi1_0.taken_by,pi1_0.tenant_id from part_instances pi1_0 left join tenants t1_0 on t1_0.id=pi1_0.tenant_id where pi1_0.barcode=? and t1_0.id=?
Hibernate: select u1_0.id,u1_0.created_at,u1_0.email,u1_0.full_name,u1_0.password_hash,u1_0.role,u1_0.scope,u1_0.tenant_id,u1_0.updated_at from users u1_0 where u1_0.id=?
Hibernate: select p1_0.id,p1_0.active,p1_0.brand,p1_0.category_id,p1_0.created_at,p1_0.current_stock,p1_0.expected_lifespan_days,p1_0.category,p1_0.manual_daily_usage,p1_0.manual_reorder_point,p1_0.minimum_stock,p1_0.name,p1_0.notes,p1_0.part_type_id,p1_0.reorder_quantity,p1_0.retired,p1_0.retired_at,p1_0.retirement_reason,p1_0.tenant_id,p1_0.updated_at from parts p1_0 where p1_0.id=?
Hibernate: select pc1_0.id,pc1_0.description,pc1_0.name,pc1_0.tenant_id from part_categories pc1_0 where pc1_0.id=?
Hibernate: insert into stock_movements (after_stock,before_stock,created_at,movement_type,notes,part_id,quantity,reference_id,reference_type,tenant_id,id) values (?,?,?,?,?,?,?,?,?,?,?)
Hibernate: update part_instances set barcode=?,exhausted_at=?,installed_unit_part_id=?,landed_cost=?,notes=?,part_id=?,received_at=?,status=?,taken_at=?,taken_by=?,tenant_id=? where id=?
Hibernate: update parts set active=?,brand=?,category_id=?,created_at=?,current_stock=?,expected_lifespan_days=?,category=?,manual_daily_usage=?,manual_reorder_point=?,minimum_stock=?,name=?,notes=?,part_type_id=?,reorder_quantity=?,retired=?,retired_at=?,retirement_reason=?,tenant_id=?,updated_at=? where id=?
Hibernate: select t1_0.id,t1_0.active,t1_0.code,t1_0.created_at,t1_0.name,t1_0.parent_id,t1_0.updated_at from tenants t1_0 where t1_0.id=?
Hibernate: select p1_0.id,p1_0.active,p1_0.brand,p1_0.category_id,p1_0.created_at,p1_0.current_stock,p1_0.expected_lifespan_days,p1_0.category,p1_0.manual_daily_usage,p1_0.manual_reorder_point,p1_0.minimum_stock,p1_0.name,p1_0.notes,p1_0.part_type_id,p1_0.reorder_quantity,p1_0.retired,p1_0.retired_at,p1_0.retirement_reason,p1_0.tenant_id,p1_0.updated_at from parts p1_0 left join tenants t1_0 on t1_0.id=p1_0.tenant_id where p1_0.id=? and t1_0.id=?
Hibernate: select pc1_0.id,pc1_0.description,pc1_0.name,pc1_0.tenant_id from part_categories pc1_0 where pc1_0.id=?
Hibernate: select pi1_0.id from part_instances pi1_0 where pi1_0.barcode=? fetch first ? rows only
Hibernate: insert into part_instances (barcode,exhausted_at,installed_unit_part_id,landed_cost,notes,part_id,received_at,status,taken_at,taken_by,tenant_id,id) values (?,?,?,?,?,?,?,?,?,?,?,?)
Hibernate: select pi1_0.id,pi1_0.barcode,pi1_0.exhausted_at,pi1_0.installed_unit_part_id,pi1_0.landed_cost,pi1_0.notes,pi1_0.part_id,pi1_0.received_at,pi1_0.status,pi1_0.taken_at,pi1_0.taken_by,pi1_0.tenant_id from part_instances pi1_0 left join tenants t1_0 on t1_0.id=pi1_0.tenant_id where pi1_0.barcode=? and t1_0.id=?
Hibernate: select u1_0.id,u1_0.created_at,u1_0.email,u1_0.full_name,u1_0.password_hash,u1_0.role,u1_0.scope,u1_0.tenant_id,u1_0.updated_at from users u1_0 where u1_0.id=?
Hibernate: select p1_0.id,p1_0.active,p1_0.brand,p1_0.category_id,p1_0.created_at,p1_0.current_stock,p1_0.expected_lifespan_days,p1_0.category,p1_0.manual_daily_usage,p1_0.manual_reorder_point,p1_0.minimum_stock,p1_0.name,p1_0.notes,p1_0.part_type_id,p1_0.reorder_quantity,p1_0.retired,p1_0.retired_at,p1_0.retirement_reason,p1_0.tenant_id,p1_0.updated_at from parts p1_0 where p1_0.id=?
Hibernate: select pc1_0.id,pc1_0.description,pc1_0.name,pc1_0.tenant_id from part_categories pc1_0 where pc1_0.id=?
Hibernate: select u1_0.id,u1_0.created_at,u1_0.email,u1_0.full_name,u1_0.password_hash,u1_0.role,u1_0.scope,u1_0.tenant_id,u1_0.updated_at from users u1_0 where u1_0.tenant_id in (?) and (u1_0.role=? or u1_0.scope in (?,?))
Hibernate: insert into notifications (created_at,message,read,read_at,recipient_user_id,reference_id,reference_type,tenant_id,title,type,updated_at,id) values (?,?,?,?,?,?,?,?,?,?,?,?)
Hibernate: insert into notifications (created_at,message,read,read_at,recipient_user_id,reference_id,reference_type,tenant_id,title,type,updated_at,id) values (?,?,?,?,?,?,?,?,?,?,?,?)
Hibernate: insert into notifications (created_at,message,read,read_at,recipient_user_id,reference_id,reference_type,tenant_id,title,type,updated_at,id) values (?,?,?,?,?,?,?,?,?,?,?,?)
Hibernate: insert into notifications (created_at,message,read,read_at,recipient_user_id,reference_id,reference_type,tenant_id,title,type,updated_at,id) values (?,?,?,?,?,?,?,?,?,?,?,?)
Hibernate: insert into notifications (created_at,message,read,read_at,recipient_user_id,reference_id,reference_type,tenant_id,title,type,updated_at,id) values (?,?,?,?,?,?,?,?,?,?,?,?)
Hibernate: insert into stock_movements (after_stock,before_stock,created_at,movement_type,notes,part_id,quantity,reference_id,reference_type,tenant_id,id) values (?,?,?,?,?,?,?,?,?,?,?)
Hibernate: update part_instances set barcode=?,exhausted_at=?,installed_unit_part_id=?,landed_cost=?,notes=?,part_id=?,received_at=?,status=?,taken_at=?,taken_by=?,tenant_id=? where id=?
Hibernate: update parts set active=?,brand=?,category_id=?,created_at=?,current_stock=?,expected_lifespan_days=?,category=?,manual_daily_usage=?,manual_reorder_point=?,minimum_stock=?,name=?,notes=?,part_type_id=?,reorder_quantity=?,retired=?,retired_at=?,retirement_reason=?,tenant_id=?,updated_at=? where id=?
Hibernate: select t1_0.id,t1_0.active,t1_0.code,t1_0.created_at,t1_0.name,t1_0.parent_id,t1_0.updated_at from tenants t1_0 where t1_0.id=?
Hibernate: select p1_0.id,p1_0.active,p1_0.brand,p1_0.category_id,p1_0.created_at,p1_0.current_stock,p1_0.expected_lifespan_days,p1_0.category,p1_0.manual_daily_usage,p1_0.manual_reorder_point,p1_0.minimum_stock,p1_0.name,p1_0.notes,p1_0.part_type_id,p1_0.reorder_quantity,p1_0.retired,p1_0.retired_at,p1_0.retirement_reason,p1_0.tenant_id,p1_0.updated_at from parts p1_0 left join tenants t1_0 on t1_0.id=p1_0.tenant_id where p1_0.id=? and t1_0.id=?
Hibernate: select pc1_0.id,pc1_0.description,pc1_0.name,pc1_0.tenant_id from part_categories pc1_0 where pc1_0.id=?
Hibernate: select pi1_0.id from part_instances pi1_0 where pi1_0.barcode=? fetch first ? rows only
Hibernate: insert into part_instances (barcode,exhausted_at,installed_unit_part_id,landed_cost,notes,part_id,received_at,status,taken_at,taken_by,tenant_id,id) values (?,?,?,?,?,?,?,?,?,?,?,?)
Hibernate: select pi1_0.id,pi1_0.barcode,pi1_0.exhausted_at,pi1_0.installed_unit_part_id,pi1_0.landed_cost,pi1_0.notes,pi1_0.part_id,pi1_0.received_at,pi1_0.status,pi1_0.taken_at,pi1_0.taken_by,pi1_0.tenant_id from part_instances pi1_0 left join tenants t1_0 on t1_0.id=pi1_0.tenant_id where pi1_0.barcode=? and t1_0.id=?
Hibernate: select u1_0.id,u1_0.created_at,u1_0.email,u1_0.full_name,u1_0.password_hash,u1_0.role,u1_0.scope,u1_0.tenant_id,u1_0.updated_at from users u1_0 where u1_0.id=?
Hibernate: select p1_0.id,p1_0.active,p1_0.brand,p1_0.category_id,p1_0.created_at,p1_0.current_stock,p1_0.expected_lifespan_days,p1_0.category,p1_0.manual_daily_usage,p1_0.manual_reorder_point,p1_0.minimum_stock,p1_0.name,p1_0.notes,p1_0.part_type_id,p1_0.reorder_quantity,p1_0.retired,p1_0.retired_at,p1_0.retirement_reason,p1_0.tenant_id,p1_0.updated_at from parts p1_0 where p1_0.id=?
Hibernate: select pc1_0.id,pc1_0.description,pc1_0.name,pc1_0.tenant_id from part_categories pc1_0 where pc1_0.id=?
Hibernate: insert into stock_movements (after_stock,before_stock,created_at,movement_type,notes,part_id,quantity,reference_id,reference_type,tenant_id,id) values (?,?,?,?,?,?,?,?,?,?,?)
Hibernate: update part_instances set barcode=?,exhausted_at=?,installed_unit_part_id=?,landed_cost=?,notes=?,part_id=?,received_at=?,status=?,taken_at=?,taken_by=?,tenant_id=? where id=?
Hibernate: update parts set active=?,brand=?,category_id=?,created_at=?,current_stock=?,expected_lifespan_days=?,category=?,manual_daily_usage=?,manual_reorder_point=?,minimum_stock=?,name=?,notes=?,part_type_id=?,reorder_quantity=?,retired=?,retired_at=?,retirement_reason=?,tenant_id=?,updated_at=? where id=?
Hibernate: select t1_0.id,t1_0.active,t1_0.code,t1_0.created_at,t1_0.name,t1_0.parent_id,t1_0.updated_at from tenants t1_0 where t1_0.id=?
Hibernate: select p1_0.id,p1_0.active,p1_0.brand,p1_0.category_id,p1_0.created_at,p1_0.current_stock,p1_0.expected_lifespan_days,p1_0.category,p1_0.manual_daily_usage,p1_0.manual_reorder_point,p1_0.minimum_stock,p1_0.name,p1_0.notes,p1_0.part_type_id,p1_0.reorder_quantity,p1_0.retired,p1_0.retired_at,p1_0.retirement_reason,p1_0.tenant_id,p1_0.updated_at from parts p1_0 left join tenants t1_0 on t1_0.id=p1_0.tenant_id where p1_0.id=? and t1_0.id=?
Hibernate: select pc1_0.id,pc1_0.description,pc1_0.name,pc1_0.tenant_id from part_categories pc1_0 where pc1_0.id=?
Hibernate: select pi1_0.id from part_instances pi1_0 where pi1_0.barcode=? fetch first ? rows only
Hibernate: insert into part_instances (barcode,exhausted_at,installed_unit_part_id,landed_cost,notes,part_id,received_at,status,taken_at,taken_by,tenant_id,id) values (?,?,?,?,?,?,?,?,?,?,?,?)
Hibernate: select pi1_0.id,pi1_0.barcode,pi1_0.exhausted_at,pi1_0.installed_unit_part_id,pi1_0.landed_cost,pi1_0.notes,pi1_0.part_id,pi1_0.received_at,pi1_0.status,pi1_0.taken_at,pi1_0.taken_by,pi1_0.tenant_id from part_instances pi1_0 left join tenants t1_0 on t1_0.id=pi1_0.tenant_id where pi1_0.barcode=? and t1_0.id=?
Hibernate: select u1_0.id,u1_0.created_at,u1_0.email,u1_0.full_name,u1_0.password_hash,u1_0.role,u1_0.scope,u1_0.tenant_id,u1_0.updated_at from users u1_0 where u1_0.id=?
Hibernate: select p1_0.id,p1_0.active,p1_0.brand,p1_0.category_id,p1_0.created_at,p1_0.current_stock,p1_0.expected_lifespan_days,p1_0.category,p1_0.manual_daily_usage,p1_0.manual_reorder_point,p1_0.minimum_stock,p1_0.name,p1_0.notes,p1_0.part_type_id,p1_0.reorder_quantity,p1_0.retired,p1_0.retired_at,p1_0.retirement_reason,p1_0.tenant_id,p1_0.updated_at from parts p1_0 where p1_0.id=?
Hibernate: select pc1_0.id,pc1_0.description,pc1_0.name,pc1_0.tenant_id from part_categories pc1_0 where pc1_0.id=?
Hibernate: insert into stock_movements (after_stock,before_stock,created_at,movement_type,notes,part_id,quantity,reference_id,reference_type,tenant_id,id) values (?,?,?,?,?,?,?,?,?,?,?)
Hibernate: update part_instances set barcode=?,exhausted_at=?,installed_unit_part_id=?,landed_cost=?,notes=?,part_id=?,received_at=?,status=?,taken_at=?,taken_by=?,tenant_id=? where id=?
Hibernate: update parts set active=?,brand=?,category_id=?,created_at=?,current_stock=?,expected_lifespan_days=?,category=?,manual_daily_usage=?,manual_reorder_point=?,minimum_stock=?,name=?,notes=?,part_type_id=?,reorder_quantity=?,retired=?,retired_at=?,retirement_reason=?,tenant_id=?,updated_at=? where id=?
Hibernate: select t1_0.id,t1_0.active,t1_0.code,t1_0.created_at,t1_0.name,t1_0.parent_id,t1_0.updated_at from tenants t1_0 left join tenants p1_0 on p1_0.id=t1_0.parent_id where p1_0.id=?
Hibernate: select mp1_0.id,mp1_0.auto_create_work_order,mp1_0.burn_rate_min_events,mp1_0.burn_rate_min_observation_days,mp1_0.burn_rate_window_days,mp1_0.created_at,mp1_0.days_of_cover_target,mp1_0.health_threshold,mp1_0.low_stock_multiplier,mp1_0.maintenance_interval_days,mp1_0.max_refurbished_parts,mp1_0.max_removed_parts,mp1_0.max_worn_parts,mp1_0.minimum_health_for_operation,mp1_0.part_end_of_life_warning_days,mp1_0.tenant_id,mp1_0.updated_at from maintenance_rule mp1_0 left join tenants t1_0 on t1_0.id=mp1_0.tenant_id where t1_0.id=?
Hibernate: select pi1_0.part_id,count(pi1_0.id) from part_instances pi1_0 where pi1_0.tenant_id in (?) and pi1_0.taken_at>=? group by pi1_0.part_id
Hibernate: select pi1_0.part_id,min(pi1_0.taken_at) from part_instances pi1_0 where pi1_0.tenant_id in (?) and pi1_0.taken_at is not null group by pi1_0.part_id
Hibernate: select p1_0.id,p1_0.active,p1_0.brand,p1_0.category_id,p1_0.created_at,p1_0.current_stock,p1_0.expected_lifespan_days,p1_0.category,p1_0.manual_daily_usage,p1_0.manual_reorder_point,p1_0.minimum_stock,p1_0.name,p1_0.notes,p1_0.part_type_id,p1_0.reorder_quantity,p1_0.retired,p1_0.retired_at,p1_0.retirement_reason,p1_0.tenant_id,p1_0.updated_at from parts p1_0 where p1_0.tenant_id in (?) and p1_0.active=true
Hibernate: select t1_0.id,t1_0.active,t1_0.code,t1_0.created_at,t1_0.name,t1_0.parent_id,t1_0.updated_at from tenants t1_0 left join tenants p1_0 on p1_0.id=t1_0.parent_id where p1_0.id=?
Hibernate: select p1_0.id,p1_0.active,p1_0.brand,p1_0.category_id,p1_0.created_at,p1_0.current_stock,p1_0.expected_lifespan_days,p1_0.category,p1_0.manual_daily_usage,p1_0.manual_reorder_point,p1_0.minimum_stock,p1_0.name,p1_0.notes,p1_0.part_type_id,p1_0.reorder_quantity,p1_0.retired,p1_0.retired_at,p1_0.retirement_reason,p1_0.tenant_id,p1_0.updated_at from parts p1_0 where p1_0.tenant_id in (?) and p1_0.active=true
Hibernate: select pc1_0.id,pc1_0.description,pc1_0.name,pc1_0.tenant_id from part_categories pc1_0 where pc1_0.id=?
Hibernate: select pt1_0.id,pt1_0.category_id,pt1_0.description,pt1_0.name,pt1_0.tenant_id from part_type pt1_0 where pt1_0.id=?
Hibernate: select pt1_0.id,pt1_0.category_id,pt1_0.description,pt1_0.name,pt1_0.tenant_id from part_type pt1_0 where pt1_0.id=?
Hibernate: select pc1_0.id,pc1_0.description,pc1_0.name,pc1_0.tenant_id from part_categories pc1_0 where pc1_0.id=?
Hibernate: select pt1_0.id,pt1_0.category_id,pt1_0.description,pt1_0.name,pt1_0.tenant_id from part_type pt1_0 where pt1_0.id=?
Hibernate: select pt1_0.id,pt1_0.category_id,pt1_0.description,pt1_0.name,pt1_0.tenant_id from part_type pt1_0 where pt1_0.id=?
Hibernate: select pt1_0.id,pt1_0.category_id,pt1_0.description,pt1_0.name,pt1_0.tenant_id from part_type pt1_0 where pt1_0.id=?
Hibernate: select pc1_0.id,pc1_0.description,pc1_0.name,pc1_0.tenant_id from part_categories pc1_0 where pc1_0.id=?
Hibernate: select pt1_0.id,pt1_0.category_id,pt1_0.description,pt1_0.name,pt1_0.tenant_id from part_type pt1_0 where pt1_0.id=?
Hibernate: select pt1_0.id,pt1_0.category_id,pt1_0.description,pt1_0.name,pt1_0.tenant_id from part_type pt1_0 where pt1_0.id=?
Hibernate: select pt1_0.id,pt1_0.category_id,pt1_0.description,pt1_0.name,pt1_0.tenant_id from part_type pt1_0 where pt1_0.id=?
Hibernate: select pt1_0.id,pt1_0.category_id,pt1_0.description,pt1_0.name,pt1_0.tenant_id from part_type pt1_0 where pt1_0.id=?
Hibernate: select pt1_0.id,pt1_0.category_id,pt1_0.description,pt1_0.name,pt1_0.tenant_id from part_type pt1_0 where pt1_0.id=?
Hibernate: select pt1_0.id,pt1_0.category_id,pt1_0.description,pt1_0.name,pt1_0.tenant_id from part_type pt1_0 where pt1_0.id=?
Hibernate: select pt1_0.id,pt1_0.category_id,pt1_0.description,pt1_0.name,pt1_0.tenant_id from part_type pt1_0 where pt1_0.id=?
Hibernate: select pt1_0.id,pt1_0.category_id,pt1_0.description,pt1_0.name,pt1_0.tenant_id from part_type pt1_0 where pt1_0.id=?
Hibernate: select pt1_0.id,pt1_0.category_id,pt1_0.description,pt1_0.name,pt1_0.tenant_id from part_type pt1_0 where pt1_0.id=?
Hibernate: select pt1_0.id,pt1_0.category_id,pt1_0.description,pt1_0.name,pt1_0.tenant_id from part_type pt1_0 where pt1_0.id=?
Hibernate: select pt1_0.id,pt1_0.category_id,pt1_0.description,pt1_0.name,pt1_0.tenant_id from part_type pt1_0 where pt1_0.id=?
Hibernate: select pt1_0.id,pt1_0.category_id,pt1_0.description,pt1_0.name,pt1_0.tenant_id from part_type pt1_0 where pt1_0.id=?
Hibernate: select pt1_0.id,pt1_0.category_id,pt1_0.description,pt1_0.name,pt1_0.tenant_id from part_type pt1_0 where pt1_0.id=?
Hibernate: select pt1_0.id,pt1_0.category_id,pt1_0.description,pt1_0.name,pt1_0.tenant_id from part_type pt1_0 where pt1_0.id=?
Hibernate: select pc1_0.id,pc1_0.description,pc1_0.name,pc1_0.tenant_id from part_categories pc1_0 where pc1_0.id=?
Hibernate: select pt1_0.id,pt1_0.category_id,pt1_0.description,pt1_0.name,pt1_0.tenant_id from part_type pt1_0 where pt1_0.id=?
Hibernate: select u1_0.id,u1_0.created_at,u1_0.email,u1_0.full_name,u1_0.password_hash,u1_0.role,u1_0.scope,u1_0.tenant_id,u1_0.updated_at from users u1_0 where u1_0.email=?
Hibernate: select p1_0.id,p1_0.active,p1_0.brand,p1_0.category_id,p1_0.created_at,p1_0.current_stock,p1_0.expected_lifespan_days,p1_0.category,p1_0.manual_daily_usage,p1_0.manual_reorder_point,p1_0.minimum_stock,p1_0.name,p1_0.notes,p1_0.part_type_id,p1_0.reorder_quantity,p1_0.retired,p1_0.retired_at,p1_0.retirement_reason,p1_0.tenant_id,p1_0.updated_at from parts p1_0 left join tenants t1_0 on t1_0.id=p1_0.tenant_id where p1_0.id=? and t1_0.id=?
Hibernate: select pt1_0.id,pt1_0.category_id,pt1_0.description,pt1_0.name,pt1_0.tenant_id from part_type pt1_0 where pt1_0.id=?
Hibernate: select pc1_0.id,pc1_0.description,pc1_0.name,pc1_0.tenant_id from part_categories pc1_0 where pc1_0.id=?
Hibernate: update parts set active=?,brand=?,category_id=?,created_at=?,current_stock=?,expected_lifespan_days=?,category=?,manual_daily_usage=?,manual_reorder_point=?,minimum_stock=?,name=?,notes=?,part_type_id=?,reorder_quantity=?,retired=?,retired_at=?,retirement_reason=?,tenant_id=?,updated_at=? where id=?
Hibernate: select t1_0.id,t1_0.active,t1_0.code,t1_0.created_at,t1_0.name,t1_0.parent_id,t1_0.updated_at from tenants t1_0 left join tenants p1_0 on p1_0.id=t1_0.parent_id where p1_0.id=?
Hibernate: select mp1_0.id,mp1_0.auto_create_work_order,mp1_0.burn_rate_min_events,mp1_0.burn_rate_min_observation_days,mp1_0.burn_rate_window_days,mp1_0.created_at,mp1_0.days_of_cover_target,mp1_0.health_threshold,mp1_0.low_stock_multiplier,mp1_0.maintenance_interval_days,mp1_0.max_refurbished_parts,mp1_0.max_removed_parts,mp1_0.max_worn_parts,mp1_0.minimum_health_for_operation,mp1_0.part_end_of_life_warning_days,mp1_0.tenant_id,mp1_0.updated_at from maintenance_rule mp1_0 left join tenants t1_0 on t1_0.id=mp1_0.tenant_id where t1_0.id=?
Hibernate: select pi1_0.part_id,count(pi1_0.id) from part_instances pi1_0 where pi1_0.tenant_id in (?) and pi1_0.taken_at>=? group by pi1_0.part_id
Hibernate: select pi1_0.part_id,min(pi1_0.taken_at) from part_instances pi1_0 where pi1_0.tenant_id in (?) and pi1_0.taken_at is not null group by pi1_0.part_id
Hibernate: select p1_0.id,p1_0.active,p1_0.brand,p1_0.category_id,p1_0.created_at,p1_0.current_stock,p1_0.expected_lifespan_days,p1_0.category,p1_0.manual_daily_usage,p1_0.manual_reorder_point,p1_0.minimum_stock,p1_0.name,p1_0.notes,p1_0.part_type_id,p1_0.reorder_quantity,p1_0.retired,p1_0.retired_at,p1_0.retirement_reason,p1_0.tenant_id,p1_0.updated_at from parts p1_0 where p1_0.tenant_id in (?) and p1_0.active=true
Hibernate: select u1_0.id,u1_0.created_at,u1_0.email,u1_0.full_name,u1_0.password_hash,u1_0.role,u1_0.scope,u1_0.tenant_id,u1_0.updated_at from users u1_0 where u1_0.email=?
Hibernate: select t1_0.id,t1_0.active,t1_0.code,t1_0.created_at,t1_0.name,t1_0.parent_id,t1_0.updated_at from tenants t1_0 left join tenants p1_0 on p1_0.id=t1_0.parent_id where p1_0.id=?
Hibernate: select mp1_0.id,mp1_0.auto_create_work_order,mp1_0.burn_rate_min_events,mp1_0.burn_rate_min_observation_days,mp1_0.burn_rate_window_days,mp1_0.created_at,mp1_0.days_of_cover_target,mp1_0.health_threshold,mp1_0.low_stock_multiplier,mp1_0.maintenance_interval_days,mp1_0.max_refurbished_parts,mp1_0.max_removed_parts,mp1_0.max_worn_parts,mp1_0.minimum_health_for_operation,mp1_0.part_end_of_life_warning_days,mp1_0.tenant_id,mp1_0.updated_at from maintenance_rule mp1_0 left join tenants t1_0 on t1_0.id=mp1_0.tenant_id where t1_0.id=?
Hibernate: select pi1_0.part_id,count(pi1_0.id) from part_instances pi1_0 where pi1_0.tenant_id in (?) and pi1_0.taken_at>=? group by pi1_0.part_id
Hibernate: select pi1_0.part_id,min(pi1_0.taken_at) from part_instances pi1_0 where pi1_0.tenant_id in (?) and pi1_0.taken_at is not null group by pi1_0.part_id
Hibernate: select p1_0.id,p1_0.active,p1_0.brand,p1_0.category_id,p1_0.created_at,p1_0.current_stock,p1_0.expected_lifespan_days,p1_0.category,p1_0.manual_daily_usage,p1_0.manual_reorder_point,p1_0.minimum_stock,p1_0.name,p1_0.notes,p1_0.part_type_id,p1_0.reorder_quantity,p1_0.retired,p1_0.retired_at,p1_0.retirement_reason,p1_0.tenant_id,p1_0.updated_at from parts p1_0 where p1_0.tenant_id in (?) and p1_0.active=true
2026-07-29T10:32:45.552+07:00  WARN 3964 --- [l-1:housekeeper] com.zaxxer.hikari.pool.HikariPool        : HikariPool-1 - Thread starvation or clock leap detected (housekeeper delta=1h2m50s958ms204탎100ns).
2026-07-29T20:15:17.659+07:00  WARN 3964 --- [l-1:housekeeper] com.zaxxer.hikari.pool.HikariPool        : HikariPool-1 - Thread starvation or clock leap detected (housekeeper delta=3h26m55s423ms175탎).
2026-07-30T10:59:59.798+07:00  WARN 3964 --- [l-1:housekeeper] com.zaxxer.hikari.pool.HikariPool        : HikariPool-1 - Thread starvation or clock leap detected (housekeeper delta=6h4m3s928ms507탎600ns).
Hibernate: select au1_0.id,au1_0.brand,au1_0.created_at,au1_0.health_score,au1_0.model,au1_0.name,au1_0.notes,au1_0.operational_severity,au1_0.purchase_date,au1_0.serial_number,au1_0.status,au1_0.tenant_id,au1_0.type,au1_0.updated_at from airsoft_units au1_0
Hibernate: select mp1_0.id,mp1_0.auto_create_work_order,mp1_0.burn_rate_min_events,mp1_0.burn_rate_min_observation_days,mp1_0.burn_rate_window_days,mp1_0.created_at,mp1_0.days_of_cover_target,mp1_0.health_threshold,mp1_0.low_stock_multiplier,mp1_0.maintenance_interval_days,mp1_0.max_refurbished_parts,mp1_0.max_removed_parts,mp1_0.max_worn_parts,mp1_0.minimum_health_for_operation,mp1_0.part_end_of_life_warning_days,mp1_0.tenant_id,mp1_0.updated_at from maintenance_rule mp1_0 left join tenants t1_0 on t1_0.id=mp1_0.tenant_id where t1_0.id=?
Hibernate: select au1_0.id,au1_0.brand,au1_0.created_at,au1_0.health_score,au1_0.model,au1_0.name,au1_0.notes,au1_0.operational_severity,au1_0.purchase_date,au1_0.serial_number,au1_0.status,au1_0.tenant_id,au1_0.type,au1_0.updated_at from airsoft_units au1_0 left join tenants t1_0 on t1_0.id=au1_0.tenant_id where au1_0.id=? and t1_0.id=?
Hibernate: select aup1_0.id,aup1_0.airsoft_unit_id,aup1_0.condition,aup1_0.created_at,aup1_0.installed_date,aup1_0.notes,aup1_0.part_id,aup1_0.removed_date,aup1_0.status,aup1_0.technician_assessment,aup1_0.tenant_id,aup1_0.updated_at from airsoft_unit_parts aup1_0 left join airsoft_units au1_0 on au1_0.id=aup1_0.airsoft_unit_id left join tenants t1_0 on t1_0.id=aup1_0.tenant_id where au1_0.id=? and t1_0.id=? and aup1_0.status=?
Hibernate: select ms1_0.id,ms1_0.active,ms1_0.airsoft_unit_id,ms1_0.auto_generate_work_order,ms1_0.created_at,ms1_0.description,ms1_0.interval_days,ms1_0.last_maintenance_date,ms1_0.next_due_date,ms1_0.tenant_id,ms1_0.title,ms1_0.updated_at from maintenance_schedules ms1_0 left join airsoft_units au1_0 on au1_0.id=ms1_0.airsoft_unit_id where au1_0.id=?
Hibernate: select se1_0.id,se1_0.action_taken,se1_0.airsoft_unit_id,se1_0.cost,se1_0.created_at,se1_0.event_type,se1_0.issue,se1_0.next_check_date,se1_0.notes,se1_0.service_date,se1_0.technician_id,se1_0.tenant_id,se1_0.updated_at,se1_0.work_order_id from service_events se1_0 left join tenants t1_0 on t1_0.id=se1_0.tenant_id left join airsoft_units au1_0 on au1_0.id=se1_0.airsoft_unit_id where t1_0.id=? and au1_0.id=? order by se1_0.service_date desc fetch first ? rows only
2026-07-30T12:32:49.784+07:00  WARN 3964 --- [   scheduling-1] c.e.o.scheduler.MaintenanceScheduleJob   : Failed to evaluate unit 30273c0e-40b9-4cbe-af69-0943fa3e70ec (tenant a720623c-28d9-4d6b-b06b-059397718d18): Could not initialize proxy [com.example.operion.module.part.entity.Part#691ffd3c-ba81-41fa-ba3e-705f00512c2e] - no session
Hibernate: select mp1_0.id,mp1_0.auto_create_work_order,mp1_0.burn_rate_min_events,mp1_0.burn_rate_min_observation_days,mp1_0.burn_rate_window_days,mp1_0.created_at,mp1_0.days_of_cover_target,mp1_0.health_threshold,mp1_0.low_stock_multiplier,mp1_0.maintenance_interval_days,mp1_0.max_refurbished_parts,mp1_0.max_removed_parts,mp1_0.max_worn_parts,mp1_0.minimum_health_for_operation,mp1_0.part_end_of_life_warning_days,mp1_0.tenant_id,mp1_0.updated_at from maintenance_rule mp1_0 left join tenants t1_0 on t1_0.id=mp1_0.tenant_id where t1_0.id=?
Hibernate: select au1_0.id,au1_0.brand,au1_0.created_at,au1_0.health_score,au1_0.model,au1_0.name,au1_0.notes,au1_0.operational_severity,au1_0.purchase_date,au1_0.serial_number,au1_0.status,au1_0.tenant_id,au1_0.type,au1_0.updated_at from airsoft_units au1_0 left join tenants t1_0 on t1_0.id=au1_0.tenant_id where au1_0.id=? and t1_0.id=?
Hibernate: select aup1_0.id,aup1_0.airsoft_unit_id,aup1_0.condition,aup1_0.created_at,aup1_0.installed_date,aup1_0.notes,aup1_0.part_id,aup1_0.removed_date,aup1_0.status,aup1_0.technician_assessment,aup1_0.tenant_id,aup1_0.updated_at from airsoft_unit_parts aup1_0 left join airsoft_units au1_0 on au1_0.id=aup1_0.airsoft_unit_id left join tenants t1_0 on t1_0.id=aup1_0.tenant_id where au1_0.id=? and t1_0.id=? and aup1_0.status=?
Hibernate: select ms1_0.id,ms1_0.active,ms1_0.airsoft_unit_id,ms1_0.auto_generate_work_order,ms1_0.created_at,ms1_0.description,ms1_0.interval_days,ms1_0.last_maintenance_date,ms1_0.next_due_date,ms1_0.tenant_id,ms1_0.title,ms1_0.updated_at from maintenance_schedules ms1_0 left join airsoft_units au1_0 on au1_0.id=ms1_0.airsoft_unit_id where au1_0.id=?
Hibernate: select se1_0.id,se1_0.action_taken,se1_0.airsoft_unit_id,se1_0.cost,se1_0.created_at,se1_0.event_type,se1_0.issue,se1_0.next_check_date,se1_0.notes,se1_0.service_date,se1_0.technician_id,se1_0.tenant_id,se1_0.updated_at,se1_0.work_order_id from service_events se1_0 left join tenants t1_0 on t1_0.id=se1_0.tenant_id left join airsoft_units au1_0 on au1_0.id=se1_0.airsoft_unit_id where t1_0.id=? and au1_0.id=? order by se1_0.service_date desc fetch first ? rows only
2026-07-30T12:32:49.794+07:00  WARN 3964 --- [   scheduling-1] c.e.o.scheduler.MaintenanceScheduleJob   : Failed to evaluate unit 2d994854-913e-4dcf-b836-f03c846a86aa (tenant a720623c-28d9-4d6b-b06b-059397718d18): Could not initialize proxy [com.example.operion.module.part.entity.Part#24ba1d61-9bd6-47c0-96f9-fe24f92a2b9b] - no session
2026-07-30T12:32:49.794+07:00  INFO 3964 --- [   scheduling-1] c.e.o.scheduler.MaintenanceScheduleJob   : Daily maintenance check complete: 0 units evaluated, 2 failed, out of 2 total
2026-07-31T00:08:43.213+07:00  WARN 3964 --- [l-1:housekeeper] com.zaxxer.hikari.pool.HikariPool        : HikariPool-1 - Thread starvation or clock leap detected (housekeeper delta=6h27m37s878ms155탎200ns).
2026-07-31T05:30:43.937+07:00  WARN 3964 --- [l-1:housekeeper] com.zaxxer.hikari.pool.HikariPool        : HikariPool-1 - Thread starvation or clock leap detected (housekeeper delta=1h26m25s776ms24탎800ns).
2026-07-31T08:50:59.478+07:00  WARN 3964 --- [l-1:housekeeper] com.zaxxer.hikari.pool.HikariPool        : HikariPool-1 - Thread starvation or clock leap detected (housekeeper delta=3h20m15s682ms171탎800ns).
Hibernate: select au1_0.id,au1_0.brand,au1_0.created_at,au1_0.health_score,au1_0.model,au1_0.name,au1_0.notes,au1_0.operational_severity,au1_0.purchase_date,au1_0.serial_number,au1_0.status,au1_0.tenant_id,au1_0.type,au1_0.updated_at from airsoft_units au1_0
Hibernate: select mp1_0.id,mp1_0.auto_create_work_order,mp1_0.burn_rate_min_events,mp1_0.burn_rate_min_observation_days,mp1_0.burn_rate_window_days,mp1_0.created_at,mp1_0.days_of_cover_target,mp1_0.health_threshold,mp1_0.low_stock_multiplier,mp1_0.maintenance_interval_days,mp1_0.max_refurbished_parts,mp1_0.max_removed_parts,mp1_0.max_worn_parts,mp1_0.minimum_health_for_operation,mp1_0.part_end_of_life_warning_days,mp1_0.tenant_id,mp1_0.updated_at from maintenance_rule mp1_0 left join tenants t1_0 on t1_0.id=mp1_0.tenant_id where t1_0.id=?
Hibernate: select au1_0.id,au1_0.brand,au1_0.created_at,au1_0.health_score,au1_0.model,au1_0.name,au1_0.notes,au1_0.operational_severity,au1_0.purchase_date,au1_0.serial_number,au1_0.status,au1_0.tenant_id,au1_0.type,au1_0.updated_at from airsoft_units au1_0 left join tenants t1_0 on t1_0.id=au1_0.tenant_id where au1_0.id=? and t1_0.id=?
Hibernate: select aup1_0.id,aup1_0.airsoft_unit_id,aup1_0.condition,aup1_0.created_at,aup1_0.installed_date,aup1_0.notes,aup1_0.part_id,aup1_0.removed_date,aup1_0.status,aup1_0.technician_assessment,aup1_0.tenant_id,aup1_0.updated_at from airsoft_unit_parts aup1_0 left join airsoft_units au1_0 on au1_0.id=aup1_0.airsoft_unit_id left join tenants t1_0 on t1_0.id=aup1_0.tenant_id where au1_0.id=? and t1_0.id=? and aup1_0.status=?
Hibernate: select ms1_0.id,ms1_0.active,ms1_0.airsoft_unit_id,ms1_0.auto_generate_work_order,ms1_0.created_at,ms1_0.description,ms1_0.interval_days,ms1_0.last_maintenance_date,ms1_0.next_due_date,ms1_0.tenant_id,ms1_0.title,ms1_0.updated_at from maintenance_schedules ms1_0 left join airsoft_units au1_0 on au1_0.id=ms1_0.airsoft_unit_id where au1_0.id=?
Hibernate: select se1_0.id,se1_0.action_taken,se1_0.airsoft_unit_id,se1_0.cost,se1_0.created_at,se1_0.event_type,se1_0.issue,se1_0.next_check_date,se1_0.notes,se1_0.service_date,se1_0.technician_id,se1_0.tenant_id,se1_0.updated_at,se1_0.work_order_id from service_events se1_0 left join tenants t1_0 on t1_0.id=se1_0.tenant_id left join airsoft_units au1_0 on au1_0.id=se1_0.airsoft_unit_id where t1_0.id=? and au1_0.id=? order by se1_0.service_date desc fetch first ? rows only
2026-07-31T13:13:13.494+07:00  WARN 3964 --- [   scheduling-1] c.e.o.scheduler.MaintenanceScheduleJob   : Failed to evaluate unit 30273c0e-40b9-4cbe-af69-0943fa3e70ec (tenant a720623c-28d9-4d6b-b06b-059397718d18): Could not initialize proxy [com.example.operion.module.part.entity.Part#691ffd3c-ba81-41fa-ba3e-705f00512c2e] - no session
Hibernate: select mp1_0.id,mp1_0.auto_create_work_order,mp1_0.burn_rate_min_events,mp1_0.burn_rate_min_observation_days,mp1_0.burn_rate_window_days,mp1_0.created_at,mp1_0.days_of_cover_target,mp1_0.health_threshold,mp1_0.low_stock_multiplier,mp1_0.maintenance_interval_days,mp1_0.max_refurbished_parts,mp1_0.max_removed_parts,mp1_0.max_worn_parts,mp1_0.minimum_health_for_operation,mp1_0.part_end_of_life_warning_days,mp1_0.tenant_id,mp1_0.updated_at from maintenance_rule mp1_0 left join tenants t1_0 on t1_0.id=mp1_0.tenant_id where t1_0.id=?
Hibernate: select au1_0.id,au1_0.brand,au1_0.created_at,au1_0.health_score,au1_0.model,au1_0.name,au1_0.notes,au1_0.operational_severity,au1_0.purchase_date,au1_0.serial_number,au1_0.status,au1_0.tenant_id,au1_0.type,au1_0.updated_at from airsoft_units au1_0 left join tenants t1_0 on t1_0.id=au1_0.tenant_id where au1_0.id=? and t1_0.id=?
Hibernate: select aup1_0.id,aup1_0.airsoft_unit_id,aup1_0.condition,aup1_0.created_at,aup1_0.installed_date,aup1_0.notes,aup1_0.part_id,aup1_0.removed_date,aup1_0.status,aup1_0.technician_assessment,aup1_0.tenant_id,aup1_0.updated_at from airsoft_unit_parts aup1_0 left join airsoft_units au1_0 on au1_0.id=aup1_0.airsoft_unit_id left join tenants t1_0 on t1_0.id=aup1_0.tenant_id where au1_0.id=? and t1_0.id=? and aup1_0.status=?
Hibernate: select ms1_0.id,ms1_0.active,ms1_0.airsoft_unit_id,ms1_0.auto_generate_work_order,ms1_0.created_at,ms1_0.description,ms1_0.interval_days,ms1_0.last_maintenance_date,ms1_0.next_due_date,ms1_0.tenant_id,ms1_0.title,ms1_0.updated_at from maintenance_schedules ms1_0 left join airsoft_units au1_0 on au1_0.id=ms1_0.airsoft_unit_id where au1_0.id=?
Hibernate: select se1_0.id,se1_0.action_taken,se1_0.airsoft_unit_id,se1_0.cost,se1_0.created_at,se1_0.event_type,se1_0.issue,se1_0.next_check_date,se1_0.notes,se1_0.service_date,se1_0.technician_id,se1_0.tenant_id,se1_0.updated_at,se1_0.work_order_id from service_events se1_0 left join tenants t1_0 on t1_0.id=se1_0.tenant_id left join airsoft_units au1_0 on au1_0.id=se1_0.airsoft_unit_id where t1_0.id=? and au1_0.id=? order by se1_0.service_date desc fetch first ? rows only
2026-07-31T13:13:13.528+07:00  WARN 3964 --- [   scheduling-1] c.e.o.scheduler.MaintenanceScheduleJob   : Failed to evaluate unit 2d994854-913e-4dcf-b836-f03c846a86aa (tenant a720623c-28d9-4d6b-b06b-059397718d18): Could not initialize proxy [com.example.operion.module.part.entity.Part#24ba1d61-9bd6-47c0-96f9-fe24f92a2b9b] - no session
2026-07-31T13:13:13.528+07:00  INFO 3964 --- [   scheduling-1] c.e.o.scheduler.MaintenanceScheduleJob   : Daily maintenance check complete: 0 units evaluated, 2 failed, out of 2 total
2026-07-31T14:10:37.231+07:00  WARN 3964 --- [l-1:housekeeper] com.zaxxer.hikari.pool.HikariPool        : HikariPool-1 - Thread starvation or clock leap detected (housekeeper delta=18m32s811ms665탎300ns).
2026-08-03T10:27:28.045+07:00  WARN 3964 --- [l-1:housekeeper] com.zaxxer.hikari.pool.HikariPool        : HikariPool-1 - Thread starvation or clock leap detected (housekeeper delta=2d20h16m55s84ms647탎799ns).
2026-08-03T18:46:04.710+07:00  WARN 3964 --- [l-1:housekeeper] com.zaxxer.hikari.pool.HikariPool        : HikariPool-1 - Thread starvation or clock leap detected (housekeeper delta=1h35m36s576ms822탎900ns).
2026-08-04T00:47:09.287+07:00  WARN 3964 --- [l-1:housekeeper] com.zaxxer.hikari.pool.HikariPool        : HikariPool-1 - Thread starvation or clock leap detected (housekeeper delta=3h40m31s919ms137탎).
Hibernate: select au1_0.id,au1_0.brand,au1_0.created_at,au1_0.health_score,au1_0.model,au1_0.name,au1_0.notes,au1_0.operational_severity,au1_0.purchase_date,au1_0.serial_number,au1_0.status,au1_0.tenant_id,au1_0.type,au1_0.updated_at from airsoft_units au1_0
Hibernate: select mp1_0.id,mp1_0.auto_create_work_order,mp1_0.burn_rate_min_events,mp1_0.burn_rate_min_observation_days,mp1_0.burn_rate_window_days,mp1_0.created_at,mp1_0.days_of_cover_target,mp1_0.health_threshold,mp1_0.low_stock_multiplier,mp1_0.maintenance_interval_days,mp1_0.max_refurbished_parts,mp1_0.max_removed_parts,mp1_0.max_worn_parts,mp1_0.minimum_health_for_operation,mp1_0.part_end_of_life_warning_days,mp1_0.tenant_id,mp1_0.updated_at from maintenance_rule mp1_0 left join tenants t1_0 on t1_0.id=mp1_0.tenant_id where t1_0.id=?
Hibernate: select au1_0.id,au1_0.brand,au1_0.created_at,au1_0.health_score,au1_0.model,au1_0.name,au1_0.notes,au1_0.operational_severity,au1_0.purchase_date,au1_0.serial_number,au1_0.status,au1_0.tenant_id,au1_0.type,au1_0.updated_at from airsoft_units au1_0 left join tenants t1_0 on t1_0.id=au1_0.tenant_id where au1_0.id=? and t1_0.id=?
Hibernate: select aup1_0.id,aup1_0.airsoft_unit_id,aup1_0.condition,aup1_0.created_at,aup1_0.installed_date,aup1_0.notes,aup1_0.part_id,aup1_0.removed_date,aup1_0.status,aup1_0.technician_assessment,aup1_0.tenant_id,aup1_0.updated_at from airsoft_unit_parts aup1_0 left join airsoft_units au1_0 on au1_0.id=aup1_0.airsoft_unit_id left join tenants t1_0 on t1_0.id=aup1_0.tenant_id where au1_0.id=? and t1_0.id=? and aup1_0.status=?
Hibernate: select ms1_0.id,ms1_0.active,ms1_0.airsoft_unit_id,ms1_0.auto_generate_work_order,ms1_0.created_at,ms1_0.description,ms1_0.interval_days,ms1_0.last_maintenance_date,ms1_0.next_due_date,ms1_0.tenant_id,ms1_0.title,ms1_0.updated_at from maintenance_schedules ms1_0 left join airsoft_units au1_0 on au1_0.id=ms1_0.airsoft_unit_id where au1_0.id=?
Hibernate: select se1_0.id,se1_0.action_taken,se1_0.airsoft_unit_id,se1_0.cost,se1_0.created_at,se1_0.event_type,se1_0.issue,se1_0.next_check_date,se1_0.notes,se1_0.service_date,se1_0.technician_id,se1_0.tenant_id,se1_0.updated_at,se1_0.work_order_id from service_events se1_0 left join tenants t1_0 on t1_0.id=se1_0.tenant_id left join airsoft_units au1_0 on au1_0.id=se1_0.airsoft_unit_id where t1_0.id=? and au1_0.id=? order by se1_0.service_date desc fetch first ? rows only
2026-08-04T03:49:26.779+07:00  WARN 3964 --- [   scheduling-1] c.e.o.scheduler.MaintenanceScheduleJob   : Failed to evaluate unit 30273c0e-40b9-4cbe-af69-0943fa3e70ec (tenant a720623c-28d9-4d6b-b06b-059397718d18): Could not initialize proxy [com.example.operion.module.part.entity.Part#691ffd3c-ba81-41fa-ba3e-705f00512c2e] - no session
Hibernate: select mp1_0.id,mp1_0.auto_create_work_order,mp1_0.burn_rate_min_events,mp1_0.burn_rate_min_observation_days,mp1_0.burn_rate_window_days,mp1_0.created_at,mp1_0.days_of_cover_target,mp1_0.health_threshold,mp1_0.low_stock_multiplier,mp1_0.maintenance_interval_days,mp1_0.max_refurbished_parts,mp1_0.max_removed_parts,mp1_0.max_worn_parts,mp1_0.minimum_health_for_operation,mp1_0.part_end_of_life_warning_days,mp1_0.tenant_id,mp1_0.updated_at from maintenance_rule mp1_0 left join tenants t1_0 on t1_0.id=mp1_0.tenant_id where t1_0.id=?
Hibernate: select au1_0.id,au1_0.brand,au1_0.created_at,au1_0.health_score,au1_0.model,au1_0.name,au1_0.notes,au1_0.operational_severity,au1_0.purchase_date,au1_0.serial_number,au1_0.status,au1_0.tenant_id,au1_0.type,au1_0.updated_at from airsoft_units au1_0 left join tenants t1_0 on t1_0.id=au1_0.tenant_id where au1_0.id=? and t1_0.id=?
Hibernate: select aup1_0.id,aup1_0.airsoft_unit_id,aup1_0.condition,aup1_0.created_at,aup1_0.installed_date,aup1_0.notes,aup1_0.part_id,aup1_0.removed_date,aup1_0.status,aup1_0.technician_assessment,aup1_0.tenant_id,aup1_0.updated_at from airsoft_unit_parts aup1_0 left join airsoft_units au1_0 on au1_0.id=aup1_0.airsoft_unit_id left join tenants t1_0 on t1_0.id=aup1_0.tenant_id where au1_0.id=? and t1_0.id=? and aup1_0.status=?
Hibernate: select ms1_0.id,ms1_0.active,ms1_0.airsoft_unit_id,ms1_0.auto_generate_work_order,ms1_0.created_at,ms1_0.description,ms1_0.interval_days,ms1_0.last_maintenance_date,ms1_0.next_due_date,ms1_0.tenant_id,ms1_0.title,ms1_0.updated_at from maintenance_schedules ms1_0 left join airsoft_units au1_0 on au1_0.id=ms1_0.airsoft_unit_id where au1_0.id=?
Hibernate: select se1_0.id,se1_0.action_taken,se1_0.airsoft_unit_id,se1_0.cost,se1_0.created_at,se1_0.event_type,se1_0.issue,se1_0.next_check_date,se1_0.notes,se1_0.service_date,se1_0.technician_id,se1_0.tenant_id,se1_0.updated_at,se1_0.work_order_id from service_events se1_0 left join tenants t1_0 on t1_0.id=se1_0.tenant_id left join airsoft_units au1_0 on au1_0.id=se1_0.airsoft_unit_id where t1_0.id=? and au1_0.id=? order by se1_0.service_date desc fetch first ? rows only
2026-08-04T03:49:26.805+07:00  WARN 3964 --- [   scheduling-1] c.e.o.scheduler.MaintenanceScheduleJob   : Failed to evaluate unit 2d994854-913e-4dcf-b836-f03c846a86aa (tenant a720623c-28d9-4d6b-b06b-059397718d18): Could not initialize proxy [com.example.operion.module.part.entity.Part#24ba1d61-9bd6-47c0-96f9-fe24f92a2b9b] - no session
2026-08-04T03:49:26.805+07:00  INFO 3964 --- [   scheduling-1] c.e.o.scheduler.MaintenanceScheduleJob   : Daily maintenance check complete: 0 units evaluated, 2 failed, out of 2 total
2026-08-04T09:44:56.901+07:00  WARN 3964 --- [l-1:housekeeper] com.zaxxer.hikari.pool.HikariPool        : HikariPool-1 - Thread starvation or clock leap detected (housekeeper delta=43m38s583ms675탎).
2026-08-04T11:18:28.873+07:00  WARN 3964 --- [l-1:housekeeper] com.zaxxer.hikari.pool.HikariPool        : HikariPool-1 - Thread starvation or clock leap detected (housekeeper delta=13m19ms97탎700ns).
2026-08-04T17:52:35.371+07:00  WARN 3964 --- [l-1:housekeeper] com.zaxxer.hikari.pool.HikariPool        : HikariPool-1 - Thread starvation or clock leap detected (housekeeper delta=54m30s297ms245탎300ns).
Hibernate: select au1_0.id,au1_0.brand,au1_0.created_at,au1_0.health_score,au1_0.model,au1_0.name,au1_0.notes,au1_0.operational_severity,au1_0.purchase_date,au1_0.serial_number,au1_0.status,au1_0.tenant_id,au1_0.type,au1_0.updated_at from airsoft_units au1_0
Hibernate: select mp1_0.id,mp1_0.auto_create_work_order,mp1_0.burn_rate_min_events,mp1_0.burn_rate_min_observation_days,mp1_0.burn_rate_window_days,mp1_0.created_at,mp1_0.days_of_cover_target,mp1_0.health_threshold,mp1_0.low_stock_multiplier,mp1_0.maintenance_interval_days,mp1_0.max_refurbished_parts,mp1_0.max_removed_parts,mp1_0.max_worn_parts,mp1_0.minimum_health_for_operation,mp1_0.part_end_of_life_warning_days,mp1_0.tenant_id,mp1_0.updated_at from maintenance_rule mp1_0 left join tenants t1_0 on t1_0.id=mp1_0.tenant_id where t1_0.id=?
Hibernate: select au1_0.id,au1_0.brand,au1_0.created_at,au1_0.health_score,au1_0.model,au1_0.name,au1_0.notes,au1_0.operational_severity,au1_0.purchase_date,au1_0.serial_number,au1_0.status,au1_0.tenant_id,au1_0.type,au1_0.updated_at from airsoft_units au1_0 left join tenants t1_0 on t1_0.id=au1_0.tenant_id where au1_0.id=? and t1_0.id=?
Hibernate: select aup1_0.id,aup1_0.airsoft_unit_id,aup1_0.condition,aup1_0.created_at,aup1_0.installed_date,aup1_0.notes,aup1_0.part_id,aup1_0.removed_date,aup1_0.status,aup1_0.technician_assessment,aup1_0.tenant_id,aup1_0.updated_at from airsoft_unit_parts aup1_0 left join airsoft_units au1_0 on au1_0.id=aup1_0.airsoft_unit_id left join tenants t1_0 on t1_0.id=aup1_0.tenant_id where au1_0.id=? and t1_0.id=? and aup1_0.status=?
Hibernate: select ms1_0.id,ms1_0.active,ms1_0.airsoft_unit_id,ms1_0.auto_generate_work_order,ms1_0.created_at,ms1_0.description,ms1_0.interval_days,ms1_0.last_maintenance_date,ms1_0.next_due_date,ms1_0.tenant_id,ms1_0.title,ms1_0.updated_at from maintenance_schedules ms1_0 left join airsoft_units au1_0 on au1_0.id=ms1_0.airsoft_unit_id where au1_0.id=?
Hibernate: select se1_0.id,se1_0.action_taken,se1_0.airsoft_unit_id,se1_0.cost,se1_0.created_at,se1_0.event_type,se1_0.issue,se1_0.next_check_date,se1_0.notes,se1_0.service_date,se1_0.technician_id,se1_0.tenant_id,se1_0.updated_at,se1_0.work_order_id from service_events se1_0 left join tenants t1_0 on t1_0.id=se1_0.tenant_id left join airsoft_units au1_0 on au1_0.id=se1_0.airsoft_unit_id where t1_0.id=? and au1_0.id=? order by se1_0.service_date desc fetch first ? rows only
2026-08-05T03:50:12.101+07:00  WARN 3964 --- [   scheduling-1] c.e.o.scheduler.MaintenanceScheduleJob   : Failed to evaluate unit 30273c0e-40b9-4cbe-af69-0943fa3e70ec (tenant a720623c-28d9-4d6b-b06b-059397718d18): Could not initialize proxy [com.example.operion.module.part.entity.Part#691ffd3c-ba81-41fa-ba3e-705f00512c2e] - no session
Hibernate: select mp1_0.id,mp1_0.auto_create_work_order,mp1_0.burn_rate_min_events,mp1_0.burn_rate_min_observation_days,mp1_0.burn_rate_window_days,mp1_0.created_at,mp1_0.days_of_cover_target,mp1_0.health_threshold,mp1_0.low_stock_multiplier,mp1_0.maintenance_interval_days,mp1_0.max_refurbished_parts,mp1_0.max_removed_parts,mp1_0.max_worn_parts,mp1_0.minimum_health_for_operation,mp1_0.part_end_of_life_warning_days,mp1_0.tenant_id,mp1_0.updated_at from maintenance_rule mp1_0 left join tenants t1_0 on t1_0.id=mp1_0.tenant_id where t1_0.id=?
Hibernate: select au1_0.id,au1_0.brand,au1_0.created_at,au1_0.health_score,au1_0.model,au1_0.name,au1_0.notes,au1_0.operational_severity,au1_0.purchase_date,au1_0.serial_number,au1_0.status,au1_0.tenant_id,au1_0.type,au1_0.updated_at from airsoft_units au1_0 left join tenants t1_0 on t1_0.id=au1_0.tenant_id where au1_0.id=? and t1_0.id=?
Hibernate: select aup1_0.id,aup1_0.airsoft_unit_id,aup1_0.condition,aup1_0.created_at,aup1_0.installed_date,aup1_0.notes,aup1_0.part_id,aup1_0.removed_date,aup1_0.status,aup1_0.technician_assessment,aup1_0.tenant_id,aup1_0.updated_at from airsoft_unit_parts aup1_0 left join airsoft_units au1_0 on au1_0.id=aup1_0.airsoft_unit_id left join tenants t1_0 on t1_0.id=aup1_0.tenant_id where au1_0.id=? and t1_0.id=? and aup1_0.status=?
Hibernate: select ms1_0.id,ms1_0.active,ms1_0.airsoft_unit_id,ms1_0.auto_generate_work_order,ms1_0.created_at,ms1_0.description,ms1_0.interval_days,ms1_0.last_maintenance_date,ms1_0.next_due_date,ms1_0.tenant_id,ms1_0.title,ms1_0.updated_at from maintenance_schedules ms1_0 left join airsoft_units au1_0 on au1_0.id=ms1_0.airsoft_unit_id where au1_0.id=?
Hibernate: select se1_0.id,se1_0.action_taken,se1_0.airsoft_unit_id,se1_0.cost,se1_0.created_at,se1_0.event_type,se1_0.issue,se1_0.next_check_date,se1_0.notes,se1_0.service_date,se1_0.technician_id,se1_0.tenant_id,se1_0.updated_at,se1_0.work_order_id from service_events se1_0 left join tenants t1_0 on t1_0.id=se1_0.tenant_id left join airsoft_units au1_0 on au1_0.id=se1_0.airsoft_unit_id where t1_0.id=? and au1_0.id=? order by se1_0.service_date desc fetch first ? rows only
2026-08-05T03:50:12.130+07:00  WARN 3964 --- [   scheduling-1] c.e.o.scheduler.MaintenanceScheduleJob   : Failed to evaluate unit 2d994854-913e-4dcf-b836-f03c846a86aa (tenant a720623c-28d9-4d6b-b06b-059397718d18): Could not initialize proxy [com.example.operion.module.part.entity.Part#24ba1d61-9bd6-47c0-96f9-fe24f92a2b9b] - no session
2026-08-05T03:50:12.131+07:00  INFO 3964 --- [   scheduling-1] c.e.o.scheduler.MaintenanceScheduleJob   : Daily maintenance check complete: 0 units evaluated, 2 failed, out of 2 total
2026-08-05T08:22:22.509+07:00  WARN 3964 --- [l-1:housekeeper] com.zaxxer.hikari.pool.HikariPool        : HikariPool-1 - Thread starvation or clock leap detected (housekeeper delta=25m3s360ms564탎300ns).
2026-08-05T10:49:24.721+07:00  WARN 3964 --- [l-1:housekeeper] com.zaxxer.hikari.pool.HikariPool        : HikariPool-1 - Thread starvation or clock leap detected (housekeeper delta=2h27m2s227ms590탎800ns).
2026-08-05T12:43:37.745+07:00  WARN 3964 --- [l-1:housekeeper] com.zaxxer.hikari.pool.HikariPool        : HikariPool-1 - Thread starvation or clock leap detected (housekeeper delta=18m43s671ms10탎200ns).
2026-08-05T23:40:33.289+07:00  WARN 3964 --- [l-1:housekeeper] com.zaxxer.hikari.pool.HikariPool        : HikariPool-1 - Thread starvation or clock leap detected (housekeeper delta=52m57s20ms982탎600ns).
2026-08-05T23:41:04.498+07:00  WARN 3964 --- [l-1:housekeeper] com.zaxxer.hikari.pool.HikariPool        : HikariPool-1 - Thread starvation or clock leap detected (housekeeper delta=5h35m22s96ms945탎200ns).
2026-08-06T01:48:47.520+07:00  WARN 3964 --- [l-1:housekeeper] com.zaxxer.hikari.pool.HikariPool        : HikariPool-1 - Thread starvation or clock leap detected (housekeeper delta=35m15s24ms363탎500ns).
2026-08-06T01:59:59.575+07:00  WARN 3964 --- [l-1:housekeeper] com.zaxxer.hikari.pool.HikariPool        : HikariPool-1 - Thread starvation or clock leap detected (housekeeper delta=7m10s781ms615탎).
2026-08-06T03:22:11.826+07:00  WARN 3964 --- [l-1:housekeeper] com.zaxxer.hikari.pool.HikariPool        : HikariPool-1 - Thread starvation or clock leap detected (housekeeper delta=1h20m11s195ms363탎100ns).
2026-08-06T10:10:02.645+07:00  WARN 3964 --- [l-1:housekeeper] com.zaxxer.hikari.pool.HikariPool        : HikariPool-1 - Thread starvation or clock leap detected (housekeeper delta=6h47m50s818ms995탎600ns).
2026-08-06T17:03:23.224+07:00  WARN 3964 --- [l-1:housekeeper] com.zaxxer.hikari.pool.HikariPool        : HikariPool-1 - Thread starvation or clock leap detected (housekeeper delta=45s788ms165탎700ns).
2026-08-06T17:09:12.085+07:00  WARN 3964 --- [l-1:housekeeper] com.zaxxer.hikari.pool.HikariPool        : HikariPool-1 - Thread starvation or clock leap detected (housekeeper delta=5m48s930ms110탎400ns).
2026-08-06T23:18:47.185+07:00  WARN 3964 --- [l-1:housekeeper] com.zaxxer.hikari.pool.HikariPool        : HikariPool-1 - Thread starvation or clock leap detected (housekeeper delta=6h9m35s97ms406탎600ns).
2026-08-07T01:20:11.573+07:00  WARN 3964 --- [l-1:housekeeper] com.zaxxer.hikari.pool.HikariPool        : HikariPool-1 - Thread starvation or clock leap detected (housekeeper delta=8m56s525ms88탎400ns).
Hibernate: select au1_0.id,au1_0.brand,au1_0.created_at,au1_0.health_score,au1_0.model,au1_0.name,au1_0.notes,au1_0.operational_severity,au1_0.purchase_date,au1_0.serial_number,au1_0.status,au1_0.tenant_id,au1_0.type,au1_0.updated_at from airsoft_units au1_0
Hibernate: select mp1_0.id,mp1_0.auto_create_work_order,mp1_0.burn_rate_min_events,mp1_0.burn_rate_min_observation_days,mp1_0.burn_rate_window_days,mp1_0.created_at,mp1_0.days_of_cover_target,mp1_0.health_threshold,mp1_0.low_stock_multiplier,mp1_0.maintenance_interval_days,mp1_0.max_refurbished_parts,mp1_0.max_removed_parts,mp1_0.max_worn_parts,mp1_0.minimum_health_for_operation,mp1_0.part_end_of_life_warning_days,mp1_0.tenant_id,mp1_0.updated_at from maintenance_rule mp1_0 left join tenants t1_0 on t1_0.id=mp1_0.tenant_id where t1_0.id=?
Hibernate: select au1_0.id,au1_0.brand,au1_0.created_at,au1_0.health_score,au1_0.model,au1_0.name,au1_0.notes,au1_0.operational_severity,au1_0.purchase_date,au1_0.serial_number,au1_0.status,au1_0.tenant_id,au1_0.type,au1_0.updated_at from airsoft_units au1_0 left join tenants t1_0 on t1_0.id=au1_0.tenant_id where au1_0.id=? and t1_0.id=?
Hibernate: select aup1_0.id,aup1_0.airsoft_unit_id,aup1_0.condition,aup1_0.created_at,aup1_0.installed_date,aup1_0.notes,aup1_0.part_id,aup1_0.removed_date,aup1_0.status,aup1_0.technician_assessment,aup1_0.tenant_id,aup1_0.updated_at from airsoft_unit_parts aup1_0 left join airsoft_units au1_0 on au1_0.id=aup1_0.airsoft_unit_id left join tenants t1_0 on t1_0.id=aup1_0.tenant_id where au1_0.id=? and t1_0.id=? and aup1_0.status=?
Hibernate: select ms1_0.id,ms1_0.active,ms1_0.airsoft_unit_id,ms1_0.auto_generate_work_order,ms1_0.created_at,ms1_0.description,ms1_0.interval_days,ms1_0.last_maintenance_date,ms1_0.next_due_date,ms1_0.tenant_id,ms1_0.title,ms1_0.updated_at from maintenance_schedules ms1_0 left join airsoft_units au1_0 on au1_0.id=ms1_0.airsoft_unit_id where au1_0.id=?
Hibernate: select se1_0.id,se1_0.action_taken,se1_0.airsoft_unit_id,se1_0.cost,se1_0.created_at,se1_0.event_type,se1_0.issue,se1_0.next_check_date,se1_0.notes,se1_0.service_date,se1_0.technician_id,se1_0.tenant_id,se1_0.updated_at,se1_0.work_order_id from service_events se1_0 left join tenants t1_0 on t1_0.id=se1_0.tenant_id left join airsoft_units au1_0 on au1_0.id=se1_0.airsoft_unit_id where t1_0.id=? and au1_0.id=? order by se1_0.service_date desc fetch first ? rows only
2026-08-07T02:49:03.074+07:00  WARN 3964 --- [   scheduling-1] c.e.o.scheduler.MaintenanceScheduleJob   : Failed to evaluate unit 30273c0e-40b9-4cbe-af69-0943fa3e70ec (tenant a720623c-28d9-4d6b-b06b-059397718d18): Could not initialize proxy [com.example.operion.module.part.entity.Part#691ffd3c-ba81-41fa-ba3e-705f00512c2e] - no session
Hibernate: select mp1_0.id,mp1_0.auto_create_work_order,mp1_0.burn_rate_min_events,mp1_0.burn_rate_min_observation_days,mp1_0.burn_rate_window_days,mp1_0.created_at,mp1_0.days_of_cover_target,mp1_0.health_threshold,mp1_0.low_stock_multiplier,mp1_0.maintenance_interval_days,mp1_0.max_refurbished_parts,mp1_0.max_removed_parts,mp1_0.max_worn_parts,mp1_0.minimum_health_for_operation,mp1_0.part_end_of_life_warning_days,mp1_0.tenant_id,mp1_0.updated_at from maintenance_rule mp1_0 left join tenants t1_0 on t1_0.id=mp1_0.tenant_id where t1_0.id=?
Hibernate: select au1_0.id,au1_0.brand,au1_0.created_at,au1_0.health_score,au1_0.model,au1_0.name,au1_0.notes,au1_0.operational_severity,au1_0.purchase_date,au1_0.serial_number,au1_0.status,au1_0.tenant_id,au1_0.type,au1_0.updated_at from airsoft_units au1_0 left join tenants t1_0 on t1_0.id=au1_0.tenant_id where au1_0.id=? and t1_0.id=?
Hibernate: select aup1_0.id,aup1_0.airsoft_unit_id,aup1_0.condition,aup1_0.created_at,aup1_0.installed_date,aup1_0.notes,aup1_0.part_id,aup1_0.removed_date,aup1_0.status,aup1_0.technician_assessment,aup1_0.tenant_id,aup1_0.updated_at from airsoft_unit_parts aup1_0 left join airsoft_units au1_0 on au1_0.id=aup1_0.airsoft_unit_id left join tenants t1_0 on t1_0.id=aup1_0.tenant_id where au1_0.id=? and t1_0.id=? and aup1_0.status=?
Hibernate: select ms1_0.id,ms1_0.active,ms1_0.airsoft_unit_id,ms1_0.auto_generate_work_order,ms1_0.created_at,ms1_0.description,ms1_0.interval_days,ms1_0.last_maintenance_date,ms1_0.next_due_date,ms1_0.tenant_id,ms1_0.title,ms1_0.updated_at from maintenance_schedules ms1_0 left join airsoft_units au1_0 on au1_0.id=ms1_0.airsoft_unit_id where au1_0.id=?
Hibernate: select se1_0.id,se1_0.action_taken,se1_0.airsoft_unit_id,se1_0.cost,se1_0.created_at,se1_0.event_type,se1_0.issue,se1_0.next_check_date,se1_0.notes,se1_0.service_date,se1_0.technician_id,se1_0.tenant_id,se1_0.updated_at,se1_0.work_order_id from service_events se1_0 left join tenants t1_0 on t1_0.id=se1_0.tenant_id left join airsoft_units au1_0 on au1_0.id=se1_0.airsoft_unit_id where t1_0.id=? and au1_0.id=? order by se1_0.service_date desc fetch first ? rows only
2026-08-07T02:49:03.087+07:00  WARN 3964 --- [   scheduling-1] c.e.o.scheduler.MaintenanceScheduleJob   : Failed to evaluate unit 2d994854-913e-4dcf-b836-f03c846a86aa (tenant a720623c-28d9-4d6b-b06b-059397718d18): Could not initialize proxy [com.example.operion.module.part.entity.Part#24ba1d61-9bd6-47c0-96f9-fe24f92a2b9b] - no session
2026-08-07T02:49:03.087+07:00  INFO 3964 --- [   scheduling-1] c.e.o.scheduler.MaintenanceScheduleJob   : Daily maintenance check complete: 0 units evaluated, 2 failed, out of 2 total
2026-08-07T10:25:25.877+07:00  WARN 3964 --- [l-1:housekeeper] com.zaxxer.hikari.pool.HikariPool        : HikariPool-1 - Thread starvation or clock leap detected (housekeeper delta=1h20m40s200ms552탎800ns).
2026-08-07T15:16:05.517+07:00  WARN 3964 --- [l-1:housekeeper] com.zaxxer.hikari.pool.HikariPool        : HikariPool-1 - Thread starvation or clock leap detected (housekeeper delta=41m34s999ms338탎).
2026-08-07T17:23:32.959+07:00  WARN 3964 --- [l-1:housekeeper] com.zaxxer.hikari.pool.HikariPool        : HikariPool-1 - Thread starvation or clock leap detected (housekeeper delta=2h7m27s686ms362탎500ns).
2026-08-08T02:13:36.082+07:00  WARN 3964 --- [l-1:housekeeper] com.zaxxer.hikari.pool.HikariPool        : HikariPool-1 - Thread starvation or clock leap detected (housekeeper delta=5h23m58s344ms783탎900ns).
2026-08-08T10:23:18.547+07:00  WARN 3964 --- [l-1:housekeeper] com.zaxxer.hikari.pool.HikariPool        : HikariPool-1 - Thread starvation or clock leap detected (housekeeper delta=2h32m2s295ms613탎200ns).
2026-08-08T19:54:20.799+07:00  WARN 3964 --- [l-1:housekeeper] com.zaxxer.hikari.pool.HikariPool        : HikariPool-1 - Thread starvation or clock leap detected (housekeeper delta=9h31m5s282ms343탎300ns).
2026-08-09T00:46:27.814+07:00  WARN 3964 --- [l-1:housekeeper] com.zaxxer.hikari.pool.HikariPool        : HikariPool-1 - Thread starvation or clock leap detected (housekeeper delta=3h42m6s16ms858탎100ns).
Hibernate: select au1_0.id,au1_0.brand,au1_0.created_at,au1_0.health_score,au1_0.model,au1_0.name,au1_0.notes,au1_0.operational_severity,au1_0.purchase_date,au1_0.serial_number,au1_0.status,au1_0.tenant_id,au1_0.type,au1_0.updated_at from airsoft_units au1_0
Hibernate: select mp1_0.id,mp1_0.auto_create_work_order,mp1_0.burn_rate_min_events,mp1_0.burn_rate_min_observation_days,mp1_0.burn_rate_window_days,mp1_0.created_at,mp1_0.days_of_cover_target,mp1_0.health_threshold,mp1_0.low_stock_multiplier,mp1_0.maintenance_interval_days,mp1_0.max_refurbished_parts,mp1_0.max_removed_parts,mp1_0.max_worn_parts,mp1_0.minimum_health_for_operation,mp1_0.part_end_of_life_warning_days,mp1_0.tenant_id,mp1_0.updated_at from maintenance_rule mp1_0 left join tenants t1_0 on t1_0.id=mp1_0.tenant_id where t1_0.id=?
Hibernate: select au1_0.id,au1_0.brand,au1_0.created_at,au1_0.health_score,au1_0.model,au1_0.name,au1_0.notes,au1_0.operational_severity,au1_0.purchase_date,au1_0.serial_number,au1_0.status,au1_0.tenant_id,au1_0.type,au1_0.updated_at from airsoft_units au1_0 left join tenants t1_0 on t1_0.id=au1_0.tenant_id where au1_0.id=? and t1_0.id=?
Hibernate: select aup1_0.id,aup1_0.airsoft_unit_id,aup1_0.condition,aup1_0.created_at,aup1_0.installed_date,aup1_0.notes,aup1_0.part_id,aup1_0.removed_date,aup1_0.status,aup1_0.technician_assessment,aup1_0.tenant_id,aup1_0.updated_at from airsoft_unit_parts aup1_0 left join airsoft_units au1_0 on au1_0.id=aup1_0.airsoft_unit_id left join tenants t1_0 on t1_0.id=aup1_0.tenant_id where au1_0.id=? and t1_0.id=? and aup1_0.status=?
Hibernate: select ms1_0.id,ms1_0.active,ms1_0.airsoft_unit_id,ms1_0.auto_generate_work_order,ms1_0.created_at,ms1_0.description,ms1_0.interval_days,ms1_0.last_maintenance_date,ms1_0.next_due_date,ms1_0.tenant_id,ms1_0.title,ms1_0.updated_at from maintenance_schedules ms1_0 left join airsoft_units au1_0 on au1_0.id=ms1_0.airsoft_unit_id where au1_0.id=?
Hibernate: select se1_0.id,se1_0.action_taken,se1_0.airsoft_unit_id,se1_0.cost,se1_0.created_at,se1_0.event_type,se1_0.issue,se1_0.next_check_date,se1_0.notes,se1_0.service_date,se1_0.technician_id,se1_0.tenant_id,se1_0.updated_at,se1_0.work_order_id from service_events se1_0 left join tenants t1_0 on t1_0.id=se1_0.tenant_id left join airsoft_units au1_0 on au1_0.id=se1_0.airsoft_unit_id where t1_0.id=? and au1_0.id=? order by se1_0.service_date desc fetch first ? rows only
2026-08-09T03:15:43.178+07:00  WARN 3964 --- [   scheduling-1] c.e.o.scheduler.MaintenanceScheduleJob   : Failed to evaluate unit 30273c0e-40b9-4cbe-af69-0943fa3e70ec (tenant a720623c-28d9-4d6b-b06b-059397718d18): Could not initialize proxy [com.example.operion.module.part.entity.Part#691ffd3c-ba81-41fa-ba3e-705f00512c2e] - no session
Hibernate: select mp1_0.id,mp1_0.auto_create_work_order,mp1_0.burn_rate_min_events,mp1_0.burn_rate_min_observation_days,mp1_0.burn_rate_window_days,mp1_0.created_at,mp1_0.days_of_cover_target,mp1_0.health_threshold,mp1_0.low_stock_multiplier,mp1_0.maintenance_interval_days,mp1_0.max_refurbished_parts,mp1_0.max_removed_parts,mp1_0.max_worn_parts,mp1_0.minimum_health_for_operation,mp1_0.part_end_of_life_warning_days,mp1_0.tenant_id,mp1_0.updated_at from maintenance_rule mp1_0 left join tenants t1_0 on t1_0.id=mp1_0.tenant_id where t1_0.id=?
Hibernate: select au1_0.id,au1_0.brand,au1_0.created_at,au1_0.health_score,au1_0.model,au1_0.name,au1_0.notes,au1_0.operational_severity,au1_0.purchase_date,au1_0.serial_number,au1_0.status,au1_0.tenant_id,au1_0.type,au1_0.updated_at from airsoft_units au1_0 left join tenants t1_0 on t1_0.id=au1_0.tenant_id where au1_0.id=? and t1_0.id=?
Hibernate: select aup1_0.id,aup1_0.airsoft_unit_id,aup1_0.condition,aup1_0.created_at,aup1_0.installed_date,aup1_0.notes,aup1_0.part_id,aup1_0.removed_date,aup1_0.status,aup1_0.technician_assessment,aup1_0.tenant_id,aup1_0.updated_at from airsoft_unit_parts aup1_0 left join airsoft_units au1_0 on au1_0.id=aup1_0.airsoft_unit_id left join tenants t1_0 on t1_0.id=aup1_0.tenant_id where au1_0.id=? and t1_0.id=? and aup1_0.status=?
Hibernate: select ms1_0.id,ms1_0.active,ms1_0.airsoft_unit_id,ms1_0.auto_generate_work_order,ms1_0.created_at,ms1_0.description,ms1_0.interval_days,ms1_0.last_maintenance_date,ms1_0.next_due_date,ms1_0.tenant_id,ms1_0.title,ms1_0.updated_at from maintenance_schedules ms1_0 left join airsoft_units au1_0 on au1_0.id=ms1_0.airsoft_unit_id where au1_0.id=?
Hibernate: select se1_0.id,se1_0.action_taken,se1_0.airsoft_unit_id,se1_0.cost,se1_0.created_at,se1_0.event_type,se1_0.issue,se1_0.next_check_date,se1_0.notes,se1_0.service_date,se1_0.technician_id,se1_0.tenant_id,se1_0.updated_at,se1_0.work_order_id from service_events se1_0 left join tenants t1_0 on t1_0.id=se1_0.tenant_id left join airsoft_units au1_0 on au1_0.id=se1_0.airsoft_unit_id where t1_0.id=? and au1_0.id=? order by se1_0.service_date desc fetch first ? rows only
2026-08-09T03:15:43.191+07:00  WARN 3964 --- [   scheduling-1] c.e.o.scheduler.MaintenanceScheduleJob   : Failed to evaluate unit 2d994854-913e-4dcf-b836-f03c846a86aa (tenant a720623c-28d9-4d6b-b06b-059397718d18): Could not initialize proxy [com.example.operion.module.part.entity.Part#24ba1d61-9bd6-47c0-96f9-fe24f92a2b9b] - no session
2026-08-09T03:15:43.191+07:00  INFO 3964 --- [   scheduling-1] c.e.o.scheduler.MaintenanceScheduleJob   : Daily maintenance check complete: 0 units evaluated, 2 failed, out of 2 total
2026-08-09T14:23:55.222+07:00  WARN 3964 --- [l-1:housekeeper] com.zaxxer.hikari.pool.HikariPool        : HikariPool-1 - Thread starvation or clock leap detected (housekeeper delta=2h15m35s693ms503탎300ns).
2026-08-09T14:24:28.231+07:00  WARN 3964 --- [l-1:housekeeper] com.zaxxer.hikari.pool.HikariPool        : HikariPool-1 - Thread starvation or clock leap detected (housekeeper delta=4h31m48s469ms905탎400ns).
2026-08-09T15:51:44.278+07:00  WARN 3964 --- [l-1:housekeeper] com.zaxxer.hikari.pool.HikariPool        : HikariPool-1 - Thread starvation or clock leap detected (housekeeper delta=6m14s446ms77탎100ns).
2026-08-09T19:22:08.730+07:00  WARN 3964 --- [l-1:housekeeper] com.zaxxer.hikari.pool.HikariPool        : HikariPool-1 - Thread starvation or clock leap detected (housekeeper delta=3h30m24s711ms306탎).
2026-08-09T19:49:28.590+07:00  WARN 3964 --- [l-1:housekeeper] com.zaxxer.hikari.pool.HikariPool        : HikariPool-1 - Thread starvation or clock leap detected (housekeeper delta=1m22s986ms779탎200ns).
2026-08-09T21:54:16.438+07:00  WARN 3964 --- [l-1:housekeeper] com.zaxxer.hikari.pool.HikariPool        : HikariPool-1 - Thread starvation or clock leap detected (housekeeper delta=57m46s450ms913탎300ns).
2026-08-10T10:47:58.088+07:00  WARN 3964 --- [l-1:housekeeper] com.zaxxer.hikari.pool.HikariPool        : HikariPool-1 - Thread starvation or clock leap detected (housekeeper delta=12h53m46s263ms538탎).
2026-08-10T17:04:57.645+07:00  WARN 3964 --- [l-1:housekeeper] com.zaxxer.hikari.pool.HikariPool        : HikariPool-1 - Thread starvation or clock leap detected (housekeeper delta=39m23s807ms735탎600ns).
2026-08-10T18:50:33.012+07:00  WARN 3964 --- [l-1:housekeeper] com.zaxxer.hikari.pool.HikariPool        : HikariPool-1 - Thread starvation or clock leap detected (housekeeper delta=1m36s680ms816탎100ns).
Hibernate: select au1_0.id,au1_0.brand,au1_0.created_at,au1_0.health_score,au1_0.model,au1_0.name,au1_0.notes,au1_0.operational_severity,au1_0.purchase_date,au1_0.serial_number,au1_0.status,au1_0.tenant_id,au1_0.type,au1_0.updated_at from airsoft_units au1_0
Hibernate: select mp1_0.id,mp1_0.auto_create_work_order,mp1_0.burn_rate_min_events,mp1_0.burn_rate_min_observation_days,mp1_0.burn_rate_window_days,mp1_0.created_at,mp1_0.days_of_cover_target,mp1_0.health_threshold,mp1_0.low_stock_multiplier,mp1_0.maintenance_interval_days,mp1_0.max_refurbished_parts,mp1_0.max_removed_parts,mp1_0.max_worn_parts,mp1_0.minimum_health_for_operation,mp1_0.part_end_of_life_warning_days,mp1_0.tenant_id,mp1_0.updated_at from maintenance_rule mp1_0 left join tenants t1_0 on t1_0.id=mp1_0.tenant_id where t1_0.id=?
Hibernate: select au1_0.id,au1_0.brand,au1_0.created_at,au1_0.health_score,au1_0.model,au1_0.name,au1_0.notes,au1_0.operational_severity,au1_0.purchase_date,au1_0.serial_number,au1_0.status,au1_0.tenant_id,au1_0.type,au1_0.updated_at from airsoft_units au1_0 left join tenants t1_0 on t1_0.id=au1_0.tenant_id where au1_0.id=? and t1_0.id=?
Hibernate: select aup1_0.id,aup1_0.airsoft_unit_id,aup1_0.condition,aup1_0.created_at,aup1_0.installed_date,aup1_0.notes,aup1_0.part_id,aup1_0.removed_date,aup1_0.status,aup1_0.technician_assessment,aup1_0.tenant_id,aup1_0.updated_at from airsoft_unit_parts aup1_0 left join airsoft_units au1_0 on au1_0.id=aup1_0.airsoft_unit_id left join tenants t1_0 on t1_0.id=aup1_0.tenant_id where au1_0.id=? and t1_0.id=? and aup1_0.status=?
Hibernate: select ms1_0.id,ms1_0.active,ms1_0.airsoft_unit_id,ms1_0.auto_generate_work_order,ms1_0.created_at,ms1_0.description,ms1_0.interval_days,ms1_0.last_maintenance_date,ms1_0.next_due_date,ms1_0.tenant_id,ms1_0.title,ms1_0.updated_at from maintenance_schedules ms1_0 left join airsoft_units au1_0 on au1_0.id=ms1_0.airsoft_unit_id where au1_0.id=?
Hibernate: select se1_0.id,se1_0.action_taken,se1_0.airsoft_unit_id,se1_0.cost,se1_0.created_at,se1_0.event_type,se1_0.issue,se1_0.next_check_date,se1_0.notes,se1_0.service_date,se1_0.technician_id,se1_0.tenant_id,se1_0.updated_at,se1_0.work_order_id from service_events se1_0 left join tenants t1_0 on t1_0.id=se1_0.tenant_id left join airsoft_units au1_0 on au1_0.id=se1_0.airsoft_unit_id where t1_0.id=? and au1_0.id=? order by se1_0.service_date desc fetch first ? rows only
2026-08-11T02:54:04.014+07:00  WARN 3964 --- [   scheduling-1] c.e.o.scheduler.MaintenanceScheduleJob   : Failed to evaluate unit 30273c0e-40b9-4cbe-af69-0943fa3e70ec (tenant a720623c-28d9-4d6b-b06b-059397718d18): Could not initialize proxy [com.example.operion.module.part.entity.Part#691ffd3c-ba81-41fa-ba3e-705f00512c2e] - no session
Hibernate: select mp1_0.id,mp1_0.auto_create_work_order,mp1_0.burn_rate_min_events,mp1_0.burn_rate_min_observation_days,mp1_0.burn_rate_window_days,mp1_0.created_at,mp1_0.days_of_cover_target,mp1_0.health_threshold,mp1_0.low_stock_multiplier,mp1_0.maintenance_interval_days,mp1_0.max_refurbished_parts,mp1_0.max_removed_parts,mp1_0.max_worn_parts,mp1_0.minimum_health_for_operation,mp1_0.part_end_of_life_warning_days,mp1_0.tenant_id,mp1_0.updated_at from maintenance_rule mp1_0 left join tenants t1_0 on t1_0.id=mp1_0.tenant_id where t1_0.id=?
Hibernate: select au1_0.id,au1_0.brand,au1_0.created_at,au1_0.health_score,au1_0.model,au1_0.name,au1_0.notes,au1_0.operational_severity,au1_0.purchase_date,au1_0.serial_number,au1_0.status,au1_0.tenant_id,au1_0.type,au1_0.updated_at from airsoft_units au1_0 left join tenants t1_0 on t1_0.id=au1_0.tenant_id where au1_0.id=? and t1_0.id=?
Hibernate: select aup1_0.id,aup1_0.airsoft_unit_id,aup1_0.condition,aup1_0.created_at,aup1_0.installed_date,aup1_0.notes,aup1_0.part_id,aup1_0.removed_date,aup1_0.status,aup1_0.technician_assessment,aup1_0.tenant_id,aup1_0.updated_at from airsoft_unit_parts aup1_0 left join airsoft_units au1_0 on au1_0.id=aup1_0.airsoft_unit_id left join tenants t1_0 on t1_0.id=aup1_0.tenant_id where au1_0.id=? and t1_0.id=? and aup1_0.status=?
Hibernate: select ms1_0.id,ms1_0.active,ms1_0.airsoft_unit_id,ms1_0.auto_generate_work_order,ms1_0.created_at,ms1_0.description,ms1_0.interval_days,ms1_0.last_maintenance_date,ms1_0.next_due_date,ms1_0.tenant_id,ms1_0.title,ms1_0.updated_at from maintenance_schedules ms1_0 left join airsoft_units au1_0 on au1_0.id=ms1_0.airsoft_unit_id where au1_0.id=?
Hibernate: select se1_0.id,se1_0.action_taken,se1_0.airsoft_unit_id,se1_0.cost,se1_0.created_at,se1_0.event_type,se1_0.issue,se1_0.next_check_date,se1_0.notes,se1_0.service_date,se1_0.technician_id,se1_0.tenant_id,se1_0.updated_at,se1_0.work_order_id from service_events se1_0 left join tenants t1_0 on t1_0.id=se1_0.tenant_id left join airsoft_units au1_0 on au1_0.id=se1_0.airsoft_unit_id where t1_0.id=? and au1_0.id=? order by se1_0.service_date desc fetch first ? rows only
2026-08-11T02:54:04.034+07:00  WARN 3964 --- [   scheduling-1] c.e.o.scheduler.MaintenanceScheduleJob   : Failed to evaluate unit 2d994854-913e-4dcf-b836-f03c846a86aa (tenant a720623c-28d9-4d6b-b06b-059397718d18): Could not initialize proxy [com.example.operion.module.part.entity.Part#24ba1d61-9bd6-47c0-96f9-fe24f92a2b9b] - no session
2026-08-11T02:54:04.035+07:00  INFO 3964 --- [   scheduling-1] c.e.o.scheduler.MaintenanceScheduleJob   : Daily maintenance check complete: 0 units evaluated, 2 failed, out of 2 total
2026-08-11T10:15:59.565+07:00  WARN 3964 --- [l-1:housekeeper] com.zaxxer.hikari.pool.HikariPool        : HikariPool-1 - Thread starvation or clock leap detected (housekeeper delta=1h1m12s954ms866탎800ns).
2026-08-11T10:35:54.547+07:00  WARN 3964 --- [l-1:housekeeper] com.zaxxer.hikari.pool.HikariPool        : HikariPool-1 - Thread starvation or clock leap detected (housekeeper delta=19m55s458ms937탎700ns).
2026-08-11T18:14:08.235+07:00  WARN 3964 --- [l-1:housekeeper] com.zaxxer.hikari.pool.HikariPool        : HikariPool-1 - Thread starvation or clock leap detected (housekeeper delta=59m6s805ms235탎).
Hibernate: select au1_0.id,au1_0.brand,au1_0.created_at,au1_0.health_score,au1_0.model,au1_0.name,au1_0.notes,au1_0.operational_severity,au1_0.purchase_date,au1_0.serial_number,au1_0.status,au1_0.tenant_id,au1_0.type,au1_0.updated_at from airsoft_units au1_0
Hibernate: select mp1_0.id,mp1_0.auto_create_work_order,mp1_0.burn_rate_min_events,mp1_0.burn_rate_min_observation_days,mp1_0.burn_rate_window_days,mp1_0.created_at,mp1_0.days_of_cover_target,mp1_0.health_threshold,mp1_0.low_stock_multiplier,mp1_0.maintenance_interval_days,mp1_0.max_refurbished_parts,mp1_0.max_removed_parts,mp1_0.max_worn_parts,mp1_0.minimum_health_for_operation,mp1_0.part_end_of_life_warning_days,mp1_0.tenant_id,mp1_0.updated_at from maintenance_rule mp1_0 left join tenants t1_0 on t1_0.id=mp1_0.tenant_id where t1_0.id=?
Hibernate: select au1_0.id,au1_0.brand,au1_0.created_at,au1_0.health_score,au1_0.model,au1_0.name,au1_0.notes,au1_0.operational_severity,au1_0.purchase_date,au1_0.serial_number,au1_0.status,au1_0.tenant_id,au1_0.type,au1_0.updated_at from airsoft_units au1_0 left join tenants t1_0 on t1_0.id=au1_0.tenant_id where au1_0.id=? and t1_0.id=?
Hibernate: select aup1_0.id,aup1_0.airsoft_unit_id,aup1_0.condition,aup1_0.created_at,aup1_0.installed_date,aup1_0.notes,aup1_0.part_id,aup1_0.removed_date,aup1_0.status,aup1_0.technician_assessment,aup1_0.tenant_id,aup1_0.updated_at from airsoft_unit_parts aup1_0 left join airsoft_units au1_0 on au1_0.id=aup1_0.airsoft_unit_id left join tenants t1_0 on t1_0.id=aup1_0.tenant_id where au1_0.id=? and t1_0.id=? and aup1_0.status=?
Hibernate: select ms1_0.id,ms1_0.active,ms1_0.airsoft_unit_id,ms1_0.auto_generate_work_order,ms1_0.created_at,ms1_0.description,ms1_0.interval_days,ms1_0.last_maintenance_date,ms1_0.next_due_date,ms1_0.tenant_id,ms1_0.title,ms1_0.updated_at from maintenance_schedules ms1_0 left join airsoft_units au1_0 on au1_0.id=ms1_0.airsoft_unit_id where au1_0.id=?
Hibernate: select se1_0.id,se1_0.action_taken,se1_0.airsoft_unit_id,se1_0.cost,se1_0.created_at,se1_0.event_type,se1_0.issue,se1_0.next_check_date,se1_0.notes,se1_0.service_date,se1_0.technician_id,se1_0.tenant_id,se1_0.updated_at,se1_0.work_order_id from service_events se1_0 left join tenants t1_0 on t1_0.id=se1_0.tenant_id left join airsoft_units au1_0 on au1_0.id=se1_0.airsoft_unit_id where t1_0.id=? and au1_0.id=? order by se1_0.service_date desc fetch first ? rows only
2026-08-12T04:19:16.399+07:00  WARN 3964 --- [   scheduling-1] c.e.o.scheduler.MaintenanceScheduleJob   : Failed to evaluate unit 30273c0e-40b9-4cbe-af69-0943fa3e70ec (tenant a720623c-28d9-4d6b-b06b-059397718d18): Could not initialize proxy [com.example.operion.module.part.entity.Part#691ffd3c-ba81-41fa-ba3e-705f00512c2e] - no session
Hibernate: select mp1_0.id,mp1_0.auto_create_work_order,mp1_0.burn_rate_min_events,mp1_0.burn_rate_min_observation_days,mp1_0.burn_rate_window_days,mp1_0.created_at,mp1_0.days_of_cover_target,mp1_0.health_threshold,mp1_0.low_stock_multiplier,mp1_0.maintenance_interval_days,mp1_0.max_refurbished_parts,mp1_0.max_removed_parts,mp1_0.max_worn_parts,mp1_0.minimum_health_for_operation,mp1_0.part_end_of_life_warning_days,mp1_0.tenant_id,mp1_0.updated_at from maintenance_rule mp1_0 left join tenants t1_0 on t1_0.id=mp1_0.tenant_id where t1_0.id=?
Hibernate: select au1_0.id,au1_0.brand,au1_0.created_at,au1_0.health_score,au1_0.model,au1_0.name,au1_0.notes,au1_0.operational_severity,au1_0.purchase_date,au1_0.serial_number,au1_0.status,au1_0.tenant_id,au1_0.type,au1_0.updated_at from airsoft_units au1_0 left join tenants t1_0 on t1_0.id=au1_0.tenant_id where au1_0.id=? and t1_0.id=?
Hibernate: select aup1_0.id,aup1_0.airsoft_unit_id,aup1_0.condition,aup1_0.created_at,aup1_0.installed_date,aup1_0.notes,aup1_0.part_id,aup1_0.removed_date,aup1_0.status,aup1_0.technician_assessment,aup1_0.tenant_id,aup1_0.updated_at from airsoft_unit_parts aup1_0 left join airsoft_units au1_0 on au1_0.id=aup1_0.airsoft_unit_id left join tenants t1_0 on t1_0.id=aup1_0.tenant_id where au1_0.id=? and t1_0.id=? and aup1_0.status=?
Hibernate: select ms1_0.id,ms1_0.active,ms1_0.airsoft_unit_id,ms1_0.auto_generate_work_order,ms1_0.created_at,ms1_0.description,ms1_0.interval_days,ms1_0.last_maintenance_date,ms1_0.next_due_date,ms1_0.tenant_id,ms1_0.title,ms1_0.updated_at from maintenance_schedules ms1_0 left join airsoft_units au1_0 on au1_0.id=ms1_0.airsoft_unit_id where au1_0.id=?
Hibernate: select se1_0.id,se1_0.action_taken,se1_0.airsoft_unit_id,se1_0.cost,se1_0.created_at,se1_0.event_type,se1_0.issue,se1_0.next_check_date,se1_0.notes,se1_0.service_date,se1_0.technician_id,se1_0.tenant_id,se1_0.updated_at,se1_0.work_order_id from service_events se1_0 left join tenants t1_0 on t1_0.id=se1_0.tenant_id left join airsoft_units au1_0 on au1_0.id=se1_0.airsoft_unit_id where t1_0.id=? and au1_0.id=? order by se1_0.service_date desc fetch first ? rows only
2026-08-12T04:19:16.456+07:00  WARN 3964 --- [   scheduling-1] c.e.o.scheduler.MaintenanceScheduleJob   : Failed to evaluate unit 2d994854-913e-4dcf-b836-f03c846a86aa (tenant a720623c-28d9-4d6b-b06b-059397718d18): Could not initialize proxy [com.example.operion.module.part.entity.Part#24ba1d61-9bd6-47c0-96f9-fe24f92a2b9b] - no session
2026-08-12T04:19:16.457+07:00  INFO 3964 --- [   scheduling-1] c.e.o.scheduler.MaintenanceScheduleJob   : Daily maintenance check complete: 0 units evaluated, 2 failed, out of 2 total
2026-08-12T10:44:47.900+07:00  WARN 3964 --- [l-1:housekeeper] com.zaxxer.hikari.pool.HikariPool        : HikariPool-1 - Thread starvation or clock leap detected (housekeeper delta=1h39m24s993ms544탎100ns).
2026-08-12T21:08:50.094+07:00  WARN 3964 --- [l-1:housekeeper] com.zaxxer.hikari.pool.HikariPool        : HikariPool-1 - Thread starvation or clock leap detected (housekeeper delta=5h1m56s450ms362탎700ns).
2026-08-13T09:41:31.350+07:00  WARN 3964 --- [l-1:housekeeper] com.zaxxer.hikari.pool.HikariPool        : HikariPool-1 - Thread starvation or clock leap detected (housekeeper delta=1h14m59s392ms130탎600ns).
2026-08-13T11:12:39.015+07:00  WARN 3964 --- [l-1:housekeeper] com.zaxxer.hikari.pool.HikariPool        : HikariPool-1 - Thread starvation or clock leap detected (housekeeper delta=1h31m7s761ms512탎100ns).
Hibernate: select au1_0.id,au1_0.brand,au1_0.created_at,au1_0.health_score,au1_0.model,au1_0.name,au1_0.notes,au1_0.operational_severity,au1_0.purchase_date,au1_0.serial_number,au1_0.status,au1_0.tenant_id,au1_0.type,au1_0.updated_at from airsoft_units au1_0
Hibernate: select mp1_0.id,mp1_0.auto_create_work_order,mp1_0.burn_rate_min_events,mp1_0.burn_rate_min_observation_days,mp1_0.burn_rate_window_days,mp1_0.created_at,mp1_0.days_of_cover_target,mp1_0.health_threshold,mp1_0.low_stock_multiplier,mp1_0.maintenance_interval_days,mp1_0.max_refurbished_parts,mp1_0.max_removed_parts,mp1_0.max_worn_parts,mp1_0.minimum_health_for_operation,mp1_0.part_end_of_life_warning_days,mp1_0.tenant_id,mp1_0.updated_at from maintenance_rule mp1_0 left join tenants t1_0 on t1_0.id=mp1_0.tenant_id where t1_0.id=?
Hibernate: select au1_0.id,au1_0.brand,au1_0.created_at,au1_0.health_score,au1_0.model,au1_0.name,au1_0.notes,au1_0.operational_severity,au1_0.purchase_date,au1_0.serial_number,au1_0.status,au1_0.tenant_id,au1_0.type,au1_0.updated_at from airsoft_units au1_0 left join tenants t1_0 on t1_0.id=au1_0.tenant_id where au1_0.id=? and t1_0.id=?
Hibernate: select aup1_0.id,aup1_0.airsoft_unit_id,aup1_0.condition,aup1_0.created_at,aup1_0.installed_date,aup1_0.notes,aup1_0.part_id,aup1_0.removed_date,aup1_0.status,aup1_0.technician_assessment,aup1_0.tenant_id,aup1_0.updated_at from airsoft_unit_parts aup1_0 left join airsoft_units au1_0 on au1_0.id=aup1_0.airsoft_unit_id left join tenants t1_0 on t1_0.id=aup1_0.tenant_id where au1_0.id=? and t1_0.id=? and aup1_0.status=?
Hibernate: select ms1_0.id,ms1_0.active,ms1_0.airsoft_unit_id,ms1_0.auto_generate_work_order,ms1_0.created_at,ms1_0.description,ms1_0.interval_days,ms1_0.last_maintenance_date,ms1_0.next_due_date,ms1_0.tenant_id,ms1_0.title,ms1_0.updated_at from maintenance_schedules ms1_0 left join airsoft_units au1_0 on au1_0.id=ms1_0.airsoft_unit_id where au1_0.id=?
Hibernate: select se1_0.id,se1_0.action_taken,se1_0.airsoft_unit_id,se1_0.cost,se1_0.created_at,se1_0.event_type,se1_0.issue,se1_0.next_check_date,se1_0.notes,se1_0.service_date,se1_0.technician_id,se1_0.tenant_id,se1_0.updated_at,se1_0.work_order_id from service_events se1_0 left join tenants t1_0 on t1_0.id=se1_0.tenant_id left join airsoft_units au1_0 on au1_0.id=se1_0.airsoft_unit_id where t1_0.id=? and au1_0.id=? order by se1_0.service_date desc fetch first ? rows only
2026-08-13T11:25:25.984+07:00  WARN 3964 --- [   scheduling-1] c.e.o.scheduler.MaintenanceScheduleJob   : Failed to evaluate unit 30273c0e-40b9-4cbe-af69-0943fa3e70ec (tenant a720623c-28d9-4d6b-b06b-059397718d18): Could not initialize proxy [com.example.operion.module.part.entity.Part#691ffd3c-ba81-41fa-ba3e-705f00512c2e] - no session
Hibernate: select mp1_0.id,mp1_0.auto_create_work_order,mp1_0.burn_rate_min_events,mp1_0.burn_rate_min_observation_days,mp1_0.burn_rate_window_days,mp1_0.created_at,mp1_0.days_of_cover_target,mp1_0.health_threshold,mp1_0.low_stock_multiplier,mp1_0.maintenance_interval_days,mp1_0.max_refurbished_parts,mp1_0.max_removed_parts,mp1_0.max_worn_parts,mp1_0.minimum_health_for_operation,mp1_0.part_end_of_life_warning_days,mp1_0.tenant_id,mp1_0.updated_at from maintenance_rule mp1_0 left join tenants t1_0 on t1_0.id=mp1_0.tenant_id where t1_0.id=?
Hibernate: select au1_0.id,au1_0.brand,au1_0.created_at,au1_0.health_score,au1_0.model,au1_0.name,au1_0.notes,au1_0.operational_severity,au1_0.purchase_date,au1_0.serial_number,au1_0.status,au1_0.tenant_id,au1_0.type,au1_0.updated_at from airsoft_units au1_0 left join tenants t1_0 on t1_0.id=au1_0.tenant_id where au1_0.id=? and t1_0.id=?
Hibernate: select aup1_0.id,aup1_0.airsoft_unit_id,aup1_0.condition,aup1_0.created_at,aup1_0.installed_date,aup1_0.notes,aup1_0.part_id,aup1_0.removed_date,aup1_0.status,aup1_0.technician_assessment,aup1_0.tenant_id,aup1_0.updated_at from airsoft_unit_parts aup1_0 left join airsoft_units au1_0 on au1_0.id=aup1_0.airsoft_unit_id left join tenants t1_0 on t1_0.id=aup1_0.tenant_id where au1_0.id=? and t1_0.id=? and aup1_0.status=?
Hibernate: select ms1_0.id,ms1_0.active,ms1_0.airsoft_unit_id,ms1_0.auto_generate_work_order,ms1_0.created_at,ms1_0.description,ms1_0.interval_days,ms1_0.last_maintenance_date,ms1_0.next_due_date,ms1_0.tenant_id,ms1_0.title,ms1_0.updated_at from maintenance_schedules ms1_0 left join airsoft_units au1_0 on au1_0.id=ms1_0.airsoft_unit_id where au1_0.id=?
Hibernate: select se1_0.id,se1_0.action_taken,se1_0.airsoft_unit_id,se1_0.cost,se1_0.created_at,se1_0.event_type,se1_0.issue,se1_0.next_check_date,se1_0.notes,se1_0.service_date,se1_0.technician_id,se1_0.tenant_id,se1_0.updated_at,se1_0.work_order_id from service_events se1_0 left join tenants t1_0 on t1_0.id=se1_0.tenant_id left join airsoft_units au1_0 on au1_0.id=se1_0.airsoft_unit_id where t1_0.id=? and au1_0.id=? order by se1_0.service_date desc fetch first ? rows only
2026-08-13T11:25:26.000+07:00  WARN 3964 --- [   scheduling-1] c.e.o.scheduler.MaintenanceScheduleJob   : Failed to evaluate unit 2d994854-913e-4dcf-b836-f03c846a86aa (tenant a720623c-28d9-4d6b-b06b-059397718d18): Could not initialize proxy [com.example.operion.module.part.entity.Part#24ba1d61-9bd6-47c0-96f9-fe24f92a2b9b] - no session
2026-08-13T11:25:26.000+07:00  INFO 3964 --- [   scheduling-1] c.e.o.scheduler.MaintenanceScheduleJob   : Daily maintenance check complete: 0 units evaluated, 2 failed, out of 2 total
2026-08-13T18:07:03.193+07:00  WARN 3964 --- [l-1:housekeeper] com.zaxxer.hikari.pool.HikariPool        : HikariPool-1 - Thread starvation or clock leap detected (housekeeper delta=58m20s243ms620탎800ns).
2026-08-13T18:48:12.435+07:00  WARN 3964 --- [l-1:housekeeper] com.zaxxer.hikari.pool.HikariPool        : HikariPool-1 - Thread starvation or clock leap detected (housekeeper delta=41m10s154ms625탎200ns).
Hibernate: select au1_0.id,au1_0.brand,au1_0.created_at,au1_0.health_score,au1_0.model,au1_0.name,au1_0.notes,au1_0.operational_severity,au1_0.purchase_date,au1_0.serial_number,au1_0.status,au1_0.tenant_id,au1_0.type,au1_0.updated_at from airsoft_units au1_0
Hibernate: select mp1_0.id,mp1_0.auto_create_work_order,mp1_0.burn_rate_min_events,mp1_0.burn_rate_min_observation_days,mp1_0.burn_rate_window_days,mp1_0.created_at,mp1_0.days_of_cover_target,mp1_0.health_threshold,mp1_0.low_stock_multiplier,mp1_0.maintenance_interval_days,mp1_0.max_refurbished_parts,mp1_0.max_removed_parts,mp1_0.max_worn_parts,mp1_0.minimum_health_for_operation,mp1_0.part_end_of_life_warning_days,mp1_0.tenant_id,mp1_0.updated_at from maintenance_rule mp1_0 left join tenants t1_0 on t1_0.id=mp1_0.tenant_id where t1_0.id=?
Hibernate: select au1_0.id,au1_0.brand,au1_0.created_at,au1_0.health_score,au1_0.model,au1_0.name,au1_0.notes,au1_0.operational_severity,au1_0.purchase_date,au1_0.serial_number,au1_0.status,au1_0.tenant_id,au1_0.type,au1_0.updated_at from airsoft_units au1_0 left join tenants t1_0 on t1_0.id=au1_0.tenant_id where au1_0.id=? and t1_0.id=?
Hibernate: select aup1_0.id,aup1_0.airsoft_unit_id,aup1_0.condition,aup1_0.created_at,aup1_0.installed_date,aup1_0.notes,aup1_0.part_id,aup1_0.removed_date,aup1_0.status,aup1_0.technician_assessment,aup1_0.tenant_id,aup1_0.updated_at from airsoft_unit_parts aup1_0 left join airsoft_units au1_0 on au1_0.id=aup1_0.airsoft_unit_id left join tenants t1_0 on t1_0.id=aup1_0.tenant_id where au1_0.id=? and t1_0.id=? and aup1_0.status=?
Hibernate: select ms1_0.id,ms1_0.active,ms1_0.airsoft_unit_id,ms1_0.auto_generate_work_order,ms1_0.created_at,ms1_0.description,ms1_0.interval_days,ms1_0.last_maintenance_date,ms1_0.next_due_date,ms1_0.tenant_id,ms1_0.title,ms1_0.updated_at from maintenance_schedules ms1_0 left join airsoft_units au1_0 on au1_0.id=ms1_0.airsoft_unit_id where au1_0.id=?
Hibernate: select se1_0.id,se1_0.action_taken,se1_0.airsoft_unit_id,se1_0.cost,se1_0.created_at,se1_0.event_type,se1_0.issue,se1_0.next_check_date,se1_0.notes,se1_0.service_date,se1_0.technician_id,se1_0.tenant_id,se1_0.updated_at,se1_0.work_order_id from service_events se1_0 left join tenants t1_0 on t1_0.id=se1_0.tenant_id left join airsoft_units au1_0 on au1_0.id=se1_0.airsoft_unit_id where t1_0.id=? and au1_0.id=? order by se1_0.service_date desc fetch first ? rows only
2026-08-14T03:38:28.891+07:00  WARN 3964 --- [   scheduling-1] c.e.o.scheduler.MaintenanceScheduleJob   : Failed to evaluate unit 30273c0e-40b9-4cbe-af69-0943fa3e70ec (tenant a720623c-28d9-4d6b-b06b-059397718d18): Could not initialize proxy [com.example.operion.module.part.entity.Part#691ffd3c-ba81-41fa-ba3e-705f00512c2e] - no session
Hibernate: select mp1_0.id,mp1_0.auto_create_work_order,mp1_0.burn_rate_min_events,mp1_0.burn_rate_min_observation_days,mp1_0.burn_rate_window_days,mp1_0.created_at,mp1_0.days_of_cover_target,mp1_0.health_threshold,mp1_0.low_stock_multiplier,mp1_0.maintenance_interval_days,mp1_0.max_refurbished_parts,mp1_0.max_removed_parts,mp1_0.max_worn_parts,mp1_0.minimum_health_for_operation,mp1_0.part_end_of_life_warning_days,mp1_0.tenant_id,mp1_0.updated_at from maintenance_rule mp1_0 left join tenants t1_0 on t1_0.id=mp1_0.tenant_id where t1_0.id=?
Hibernate: select au1_0.id,au1_0.brand,au1_0.created_at,au1_0.health_score,au1_0.model,au1_0.name,au1_0.notes,au1_0.operational_severity,au1_0.purchase_date,au1_0.serial_number,au1_0.status,au1_0.tenant_id,au1_0.type,au1_0.updated_at from airsoft_units au1_0 left join tenants t1_0 on t1_0.id=au1_0.tenant_id where au1_0.id=? and t1_0.id=?
Hibernate: select aup1_0.id,aup1_0.airsoft_unit_id,aup1_0.condition,aup1_0.created_at,aup1_0.installed_date,aup1_0.notes,aup1_0.part_id,aup1_0.removed_date,aup1_0.status,aup1_0.technician_assessment,aup1_0.tenant_id,aup1_0.updated_at from airsoft_unit_parts aup1_0 left join airsoft_units au1_0 on au1_0.id=aup1_0.airsoft_unit_id left join tenants t1_0 on t1_0.id=aup1_0.tenant_id where au1_0.id=? and t1_0.id=? and aup1_0.status=?
Hibernate: select ms1_0.id,ms1_0.active,ms1_0.airsoft_unit_id,ms1_0.auto_generate_work_order,ms1_0.created_at,ms1_0.description,ms1_0.interval_days,ms1_0.last_maintenance_date,ms1_0.next_due_date,ms1_0.tenant_id,ms1_0.title,ms1_0.updated_at from maintenance_schedules ms1_0 left join airsoft_units au1_0 on au1_0.id=ms1_0.airsoft_unit_id where au1_0.id=?
Hibernate: select se1_0.id,se1_0.action_taken,se1_0.airsoft_unit_id,se1_0.cost,se1_0.created_at,se1_0.event_type,se1_0.issue,se1_0.next_check_date,se1_0.notes,se1_0.service_date,se1_0.technician_id,se1_0.tenant_id,se1_0.updated_at,se1_0.work_order_id from service_events se1_0 left join tenants t1_0 on t1_0.id=se1_0.tenant_id left join airsoft_units au1_0 on au1_0.id=se1_0.airsoft_unit_id where t1_0.id=? and au1_0.id=? order by se1_0.service_date desc fetch first ? rows only
2026-08-14T03:38:28.903+07:00  WARN 3964 --- [   scheduling-1] c.e.o.scheduler.MaintenanceScheduleJob   : Failed to evaluate unit 2d994854-913e-4dcf-b836-f03c846a86aa (tenant a720623c-28d9-4d6b-b06b-059397718d18): Could not initialize proxy [com.example.operion.module.part.entity.Part#24ba1d61-9bd6-47c0-96f9-fe24f92a2b9b] - no session
2026-08-14T03:38:28.903+07:00  INFO 3964 --- [   scheduling-1] c.e.o.scheduler.MaintenanceScheduleJob   : Daily maintenance check complete: 0 units evaluated, 2 failed, out of 2 total
2026-08-14T10:15:02.018+07:00  WARN 3964 --- [l-1:housekeeper] com.zaxxer.hikari.pool.HikariPool        : HikariPool-1 - Thread starvation or clock leap detected (housekeeper delta=4h35m8s696ms83탎300ns).
2026-08-14T16:59:49.930+07:00  WARN 3964 --- [l-1:housekeeper] com.zaxxer.hikari.pool.HikariPool        : HikariPool-1 - Thread starvation or clock leap detected (housekeeper delta=3h19m13s872ms243탎700ns).
2026-08-14T20:14:32.077+07:00  WARN 3964 --- [l-1:housekeeper] com.zaxxer.hikari.pool.HikariPool        : HikariPool-1 - Thread starvation or clock leap detected (housekeeper delta=3h14m42s692ms592탎100ns).
[ERROR] Failed to execute goal org.springframework.boot:spring-boot-maven-plugin:3.5.14:run (default-cli) on project operion: Process terminated with exit code: -1 -> [Help 1]
[ERROR] 
[ERROR] To see the full stack trace of the errors, re-run Maven with the -e switch.
[ERROR] Re-run Maven using the -X switch to enable full debug logging.
[ERROR] 
[ERROR] For more information about the errors and possible solutions, please read the following articles:
[ERROR] [Help 1] http://cwiki.apache.org/confluence/display/MAVEN/MojoExecutionException
